0.451942, 0.499038, 0.489956, 0.548132, 0.496088, 0.458309, 0.427746, 0.48094, 0.510687, 0.534651, 0.445877, 0.465791, 0.500219, 0.583655, 0.455725, 0.539018, 0.466375, 0.481778, 0.546709, 0.476162, 0.484443, 0.531147, 0.591634, 0.513156, 0.495258, 0.474473, 0.537127, 0.498683, 0.477772, 0.545133, 0.456568, 0.488123, 0.517137, 0.534672, 0.577265, 0.465142, 0.474436, 0.464903, 0.503264, 0.503274, 0.520591, 0.52435, 0.543211, 0.47108, 0.43475, 0.436363, 0.438475, 0.46659, 0.564931, 0.483348, 0.526771, 0.503935, 0.568239, 0.539181, 0.504089, 0.564907, 0.475624, 0.49732, 0.496658, 0.442452, 0.48461, 0.581384, 0.554166, 0.468518
0.451566, 0.492321, 0.507637, 0.54304, 0.506873, 0.4653, 0.422789, 0.489578, 0.519069, 0.530344, 0.443446, 0.481027, 0.489052, 0.58886, 0.441907, 0.525041, 0.480574, 0.458267, 0.531742, 0.456253, 0.465504, 0.541725, 0.576572, 0.52606, 0.509508, 0.473861, 0.527086, 0.494465, 0.508578, 0.55333, 0.466603, 0.493012, 0.524512, 0.532832, 0.570898, 0.47593, 0.458028, 0.460352, 0.491103, 0.498782, 0.519354, 0.525063, 0.52454, 0.479167, 0.425222, 0.445584, 0.441456, 0.460654, 0.547623, 0.487819, 0.525905, 0.526886, 0.576201, 0.519085, 0.505124, 0.552569, 0.485447, 0.501448, 0.478569, 0.440641, 0.502291, 0.576832, 0.543994, 0.476051
0.469901, 0.48122, 0.512171, 0.534909, 0.498402, 0.46818, 0.416218, 0.486002, 0.501019, 0.540856, 0.441764, 0.460307, 0.491691, 0.573174, 0.44679, 0.528093, 0.452385, 0.487941, 0.53911, 0.472615, 0.474368, 0.539494, 0.586962, 0.50264, 0.502681, 0.471174, 0.511995, 0.510953, 0.481991, 0.544203, 0.459542, 0.489717, 0.512459, 0.527671, 0.569954, 0.461503, 0.475043, 0.476711, 0.519474, 0.492799, 0.534242, 0.531503, 0.535839, 0.489017, 0.422779, 0.464578, 0.458757, 0.477518, 0.557303, 0.469912, 0.525041, 0.521434, 0.573314, 0.539013, 0.513588, 0.559816, 0.465792, 0.516802, 0.493736, 0.444243, 0.488137, 0.561937, 0.541193, 0.45415
0.46539, 0.495985, 0.492526, 0.53823, 0.495761, 0.454967, 0.415646, 0.480757, 0.516636, 0.532144, 0.452143, 0.472212, 0.48633, 0.579061, 0.442697, 0.544315, 0.459164, 0.481262, 0.55167, 0.472431, 0.467954, 0.526787, 0.590193, 0.521487, 0.513339, 0.464355, 0.523725, 0.499957, 0.494054, 0.545703, 0.458391, 0.513576, 0.515184, 0.527518, 0.573447, 0.466888, 0.458818, 0.476085, 0.513986, 0.505572, 0.53135, 0.515458, 0.541666, 0.482494, 0.42954, 0.436948, 0.437545, 0.453839, 0.554565, 0.482687, 0.508822, 0.50626, 0.562186, 0.532615, 0.500303, 0.563042, 0.455285, 0.52396, 0.475233, 0.431073, 0.479029, 0.580106, 0.537516, 0.481243
0.464226, 0.484003, 0.503732, 0.535666, 0.509724, 0.45799, 0.429211, 0.472281, 0.510566, 0.527528, 0.434005, 0.477267, 0.479509, 0.572008, 0.45917, 0.533411, 0.47981, 0.46319, 0.540934, 0.459708, 0.459914, 0.536118, 0.580161, 0.524083, 0.51278, 0.457657, 0.515665, 0.502226, 0.510011, 0.54985, 0.453421, 0.488816, 0.516171, 0.523239, 0.58363, 0.463691, 0.464636, 0.460178, 0.512859, 0.490001, 0.520108, 0.519741, 0.516287, 0.468952, 0.433484, 0.456394, 0.438202, 0.452378, 0.56515, 0.488285, 0.520325, 0.510729, 0.568861, 0.522183, 0.513383, 0.559224, 0.478794, 0.511919, 0.487535, 0.44544, 0.484493, 0.559541, 0.54171, 0.473303
0.479514, 0.488406, 0.518192, 0.553997, 0.508717, 0.461882, 0.433724, 0.489742, 0.520129, 0.530893, 0.431961, 0.461206, 0.499756, 0.595035, 0.453474, 0.53319, 0.456128, 0.486988, 0.537851, 0.465195, 0.457733, 0.540056, 0.583956, 0.514334, 0.509348, 0.449047, 0.537351, 0.5175, 0.502409, 0.551401, 0.470073, 0.494478, 0.502288, 0.51379, 0.577497, 0.455084, 0.445922, 0.470389, 0.516285, 0.505089, 0.521407, 0.532452, 0.529345, 0.485714, 0.423976, 0.450079, 0.44205, 0.456904, 0.542431, 0.485129, 0.507022, 0.504904, 0.546612, 0.515415, 0.520516, 0.546295, 0.48247, 0.514658, 0.475348, 0.435414, 0.491208, 0.575703, 0.531885, 0.461259
0.45716, 0.493904, 0.503258, 0.528599, 0.512266, 0.454338, 0.415152, 0.482274, 0.512483, 0.520968, 0.454904, 0.460282, 0.48129, 0.576446, 0.456676, 0.540181, 0.47221, 0.457742, 0.528833, 0.464895, 0.471239, 0.530838, 0.571228, 0.519884, 0.518645, 0.461318, 0.528267, 0.499174, 0.508354, 0.539197, 0.450361, 0.502853, 0.519732, 0.5356, 0.583594, 0.454935, 0.451807, 0.459626, 0.517129, 0.504206, 0.535205, 0.521766, 0.535365, 0.485711, 0.421748, 0.454373, 0.454298, 0.447658, 0.547089, 0.478808, 0.508394, 0.509452, 0.569017, 0.516262, 0.505744, 0.552557, 0.460884, 0.525401, 0.487721, 0.42831, 0.495129, 0.559963, 0.550062, 0.465484
0.470376, 0.490988, 0.504057, 0.549771, 0.508643, 0.475957, 0.422611, 0.477546, 0.521363, 0.533148, 0.437163, 0.476286, 0.493411, 0.591321, 0.450164, 0.537228, 0.456745, 0.481473, 0.535985, 0.465272, 0.45739, 0.525707, 0.573752, 0.526218, 0.507315, 0.455993, 0.529544, 0.509763, 0.503099, 0.549663, 0.478133, 0.495988, 0.518348, 0.514436, 0.580071, 0.466464, 0.452037, 0.468083, 0.509029, 0.504036, 0.520282, 0.518839, 0.520849, 0.478019, 0.426532, 0.45075, 0.441331, 0.467237, 0.557974, 0.49093, 0.508559, 0.507154, 0.561032, 0.526415, 0.519845, 0.55534, 0.475604, 0.504101, 0.492559, 0.428816, 0.489305, 0.573968, 0.536069, 0.465847
0.456188, 0.490217, 0.493023, 0.550315, 0.510556, 0.452352, 0.428873, 0.472214, 0.510887, 0.545719, 0.444252, 0.481881, 0.504382, 0.595485, 0.446868, 0.541827, 0.478026, 0.480412, 0.540934, 0.456345, 0.47589, 0.532041, 0.590159, 0.522907, 0.50615, 0.464934, 0.536936, 0.509018, 0.481922, 0.551411, 0.478109, 0.491192, 0.510452, 0.531288, 0.572871, 0.462045, 0.459459, 0.469488, 0.496814, 0.499227, 0.517177, 0.509671, 0.519842, 0.464233, 0.421914, 0.43442, 0.438612, 0.468741, 0.567102, 0.481259, 0.516543, 0.517536, 0.572527, 0.521515, 0.50597, 0.550896, 0.466752, 0.494552, 0.479689, 0.444357, 0.502851, 0.581254, 0.554292, 0.477653
0.47551, 0.496765, 0.507769, 0.54008, 0.521783, 0.456394, 0.42426, 0.481648, 0.519803, 0.530562, 0.433288, 0.478758, 0.502011, 0.578689, 0.448127, 0.534771, 0.4691, 0.477365, 0.535088, 0.45641, 0.453226, 0.543406, 0.575138, 0.525031, 0.517286, 0.453721, 0.518948, 0.504023, 0.50312, 0.540762, 0.471252, 0.491687, 0.504966, 0.507812, 0.586371, 0.468582, 0.467349, 0.468288, 0.507145, 0.489291, 0.514553, 0.525311, 0.514946, 0.469585, 0.43101, 0.455563, 0.437804, 0.465125, 0.564695, 0.479508, 0.528896, 0.515753, 0.54893, 0.520368, 0.522094, 0.567096, 0.479827, 0.503055, 0.483984, 0.428533, 0.480695, 0.570834, 0.550804, 0.457962
0.466655, 0.48826, 0.506702, 0.541194, 0.499891, 0.468164, 0.424471, 0.485188, 0.506203, 0.541169, 0.445962, 0.479807, 0.485219, 0.586797, 0.449116, 0.53753, 0.474007, 0.460587, 0.528233, 0.467021, 0.46468, 0.538566, 0.579891, 0.512057, 0.513355, 0.459109, 0.526596, 0.497276, 0.505671, 0.547997, 0.457682, 0.504034, 0.523218, 0.529005, 0.582185, 0.46683, 0.456291, 0.462785, 0.508587, 0.494847, 0.524753, 0.512809, 0.524014, 0.477802, 0.418265, 0.451772, 0.452614, 0.456983, 0.549217, 0.478977, 0.523553, 0.522582, 0.568297, 0.522894, 0.496846, 0.545221, 0.477406, 0.51864, 0.476769, 0.434804, 0.485962, 0.559371, 0.54159, 0.471461
0.46336, 0.488654, 0.517156, 0.544732, 0.507612, 0.478015, 0.434762, 0.475831, 0.521368, 0.541508, 0.427357, 0.469493, 0.500596, 0.584068, 0.446216, 0.530669, 0.456359, 0.486351, 0.536145, 0.467277, 0.478566, 0.528625, 0.590284, 0.523994, 0.493943, 0.473799, 0.537887, 0.498134, 0.495869, 0.539269, 0.460108, 0.502003, 0.521306, 0.525301, 0.562062, 0.472179, 0.460455, 0.465643, 0.51623, 0.502535, 0.517243, 0.537274, 0.524647, 0.496262, 0.430242, 0.445922, 0.451875, 0.472165, 0.560623, 0.481445, 0.509971, 0.512284, 0.565714, 0.518874, 0.523291, 0.556183, 0.468213, 0.513342, 0.476711, 0.42751, 0.494915, 0.585741, 0.535522, 0.477986
0.463862, 0.476992, 0.521395, 0.553687, 0.506739, 0.461457, 0.432694, 0.497702, 0.511941, 0.548292, 0.430303, 0.466273, 0.486681, 0.583029, 0.450349, 0.537987, 0.472283, 0.483158, 0.529015, 0.475887, 0.465856, 0.5406, 0.577165, 0.519069, 0.496875, 0.452868, 0.533234, 0.508796, 0.494692, 0.561182, 0.46218, 0.493301, 0.512616, 0.516476, 0.561653, 0.473172, 0.44672, 0.461565, 0.502959, 0.516504, 0.509575, 0.520712, 0.517861, 0.471876, 0.413189, 0.435353, 0.46002, 0.455068, 0.565647, 0.468111, 0.527583, 0.522519, 0.556963, 0.519316, 0.517766, 0.544722, 0.482577, 0.50703, 0.475247, 0.444822, 0.477802, 0.572253, 0.53871, 0.467155
0.457263, 0.493602, 0.511614, 0.538105, 0.498175, 0.4594, 0.419138, 0.489696, 0.516708, 0.525554, 0.439328, 0.474061, 0.499302, 0.576871, 0.446171, 0.532056, 0.467531, 0.464836, 0.542278, 0.468296, 0.461804, 0.535538, 0.58393, 0.519966, 0.498255, 0.467273, 0.517697, 0.4958, 0.508134, 0.547479, 0.469622, 0.497532, 0.515978, 0.529402, 0.560546, 0.462947, 0.455658, 0.461008, 0.494184, 0.512355, 0.523679, 0.520576, 0.526062, 0.474463, 0.423246, 0.446704, 0.447075, 0.466304, 0.549422, 0.486934, 0.523996, 0.517457, 0.571817, 0.517239, 0.515994, 0.551632, 0.474886, 0.502921, 0.477244, 0.441468, 0.497473, 0.578346, 0.535918, 0.470052
0.47874, 0.488828, 0.511288, 0.54045, 0.516689, 0.464161, 0.424338, 0.478157, 0.508048, 0.542765, 0.435182, 0.4676, 0.493939, 0.592874, 0.465203, 0.53128, 0.475846, 0.473313, 0.540341, 0.460046, 0.462679, 0.541524, 0.569148, 0.508324, 0.517661, 0.457146, 0.536682, 0.495837, 0.500803, 0.545629, 0.462015, 0.507224, 0.518382, 0.52338, 0.58039, 0.465253, 0.459461, 0.459151, 0.515221, 0.494202, 0.518714, 0.516625, 0.52555, 0.480086, 0.420846, 0.452577, 0.445265, 0.463589, 0.562037, 0.473413, 0.520629, 0.519766, 0.557265, 0.522226, 0.50235, 0.563582, 0.477374, 0.518115, 0.475258, 0.439513, 0.486494, 0.562335, 0.547559, 0.471463
0.461974, 0.493082, 0.512984, 0.544639, 0.515714, 0.47345, 0.429593, 0.481354, 0.517699, 0.537172, 0.435662, 0.475993, 0.498323, 0.590588, 0.453698, 0.530375, 0.460329, 0.477795, 0.541052, 0.463367, 0.467239, 0.536418, 0.579925, 0.512931, 0.506865, 0.471218, 0.540888, 0.509785, 0.488613, 0.545069, 0.467623, 0.490148, 0.519672, 0.523087, 0.575358, 0.465437, 0.46913, 0.464842, 0.515548, 0.491651, 0.517618, 0.527882, 0.524067, 0.483243, 0.422634, 0.452326, 0.438359, 0.46248, 0.550507, 0.488227, 0.506246, 0.513779, 0.570501, 0.522761, 0.516346, 0.554023, 0.468992, 0.512345, 0.493922, 0.433743, 0.502828, 0.579106, 0.552373, 0.45934
0.464276, 0.497975, 0.506634, 0.536292, 0.495748, 0.460945, 0.411844, 0.476678, 0.514484, 0.52773, 0.453504, 0.479017, 0.492003, 0.575435, 0.442032, 0.542438, 0.45876, 0.472972, 0.53153, 0.477469, 0.466522, 0.534991, 0.575914, 0.516745, 0.513368, 0.452915, 0.513635, 0.502797, 0.500798, 0.543063, 0.476014, 0.49536, 0.517773, 0.523228, 0.579904, 0.460985, 0.459513, 0.475707, 0.51234, 0.505683, 0.534369, 0.513152, 0.523815, 0.471564, 0.422927, 0.4513, 0.444569, 0.462134, 0.560596, 0.487016, 0.519653, 0.520285, 0.573203, 0.529973, 0.509026, 0.563098, 0.46369, 0.503248, 0.494394, 0.435558, 0.495626, 0.559183, 0.535614, 0.46908
0.471594, 0.489956, 0.494424, 0.535388, 0.508672, 0.461593, 0.415642, 0.478092, 0.508512, 0.540944, 0.4442, 0.46829, 0.489641, 0.586321, 0.45498, 0.532399, 0.46306, 0.476247, 0.544033, 0.461669, 0.464456, 0.526922, 0.574268, 0.509432, 0.520059, 0.464825, 0.520982, 0.50256, 0.496132, 0.54027, 0.472027, 0.506756, 0.513885, 0.524411, 0.585256, 0.46052, 0.463458, 0.471793, 0.508817, 0.48982, 0.529572, 0.509543, 0.530835, 0.473244, 0.418567, 0.452755, 0.43979, 0.465988, 0.554876, 0.484293, 0.517045, 0.511005, 0.559513, 0.530391, 0.5014, 0.559914, 0.464713, 0.509098, 0.480921, 0.44303, 0.487057, 0.564552, 0.547884, 0.46472
0.45112, 0.488133, 0.495631, 0.539334, 0.506861, 0.466531, 0.433214, 0.484149, 0.514362, 0.529303, 0.431906, 0.47772, 0.487911, 0.572242, 0.440895, 0.520105, 0.47738, 0.467779, 0.524651, 0.465587, 0.467562, 0.533916, 0.589302, 0.523379, 0.503399, 0.479007, 0.531335, 0.510137, 0.491271, 0.552368, 0.460437, 0.485906, 0.5134, 0.517627, 0.586771, 0.463803, 0.476068, 0.474696, 0.499687, 0.486739, 0.519813, 0.530159, 0.517216, 0.479066, 0.43298, 0.455833, 0.44294, 0.46457, 0.541725, 0.486679, 0.514395, 0.514182, 0.57856, 0.532043, 0.5247, 0.54228, 0.480597, 0.502609, 0.496482, 0.449481, 0.500098, 0.57885, 0.546825, 0.466458
0.458724, 0.491146, 0.516236, 0.552485, 0.513163, 0.465016, 0.427201, 0.497251, 0.519863, 0.535931, 0.449176, 0.462516, 0.494713, 0.575009, 0.454237, 0.532891, 0.477519, 0.471584, 0.54885, 0.461594, 0.462578, 0.528971, 0.582862, 0.509464, 0.496725, 0.453157, 0.516108, 0.511747, 0.503894, 0.551462, 0.454933, 0.498115, 0.514559, 0.519209, 0.561686, 0.467227, 0.459044, 0.453601, 0.501053, 0.518633, 0.525135, 0.529376, 0.534699, 0.485405, 0.424465, 0.445841, 0.443754, 0.466663, 0.55081, 0.475283, 0.524295, 0.504534, 0.550728, 0.527506, 0.517567, 0.557498, 0.477737, 0.516276, 0.47837, 0.429095, 0.481626, 0.579753, 0.539468, 0.467942
0.461696, 0.484843, 0.495517, 0.542329, 0.503797, 0.467291, 0.422173, 0.47346, 0.514511, 0.540712, 0.436291, 0.474717, 0.491527, 0.578033, 0.44838, 0.541759, 0.459044, 0.487837, 0.539066, 0.46973, 0.477383, 0.534983, 0.584642, 0.533473, 0.502249, 0.475999, 0.525225, 0.495495, 0.502243, 0.539845, 0.47119, 0.50497, 0.517229, 0.527854, 0.584967, 0.480008, 0.46299, 0.476947, 0.518085, 0.493073, 0.520412, 0.532906, 0.515767, 0.480968, 0.436905, 0.448129, 0.436914, 0.454697, 0.56622, 0.495809, 0.509696, 0.499142, 0.563267, 0.526491, 0.524263, 0.55677, 0.463847, 0.514353, 0.473271, 0.431025, 0.498232, 0.571748, 0.55227, 0.481609
0.46992, 0.494794, 0.515872, 0.548706, 0.514831, 0.46524, 0.430061, 0.485522, 0.519339, 0.53213, 0.433561, 0.468319, 0.489131, 0.593995, 0.445573, 0.526807, 0.457787, 0.472836, 0.528076, 0.459799, 0.467625, 0.54324, 0.578214, 0.525423, 0.501874, 0.475048, 0.53612, 0.496638, 0.496652, 0.542925, 0.475428, 0.5017, 0.51146, 0.518825, 0.578104, 0.469339, 0.457819, 0.46142, 0.50396, 0.503664, 0.521302, 0.532812, 0.534281, 0.491106, 0.429188, 0.451522, 0.447687, 0.465406, 0.548711, 0.481222, 0.511331, 0.511883, 0.56642, 0.522072, 0.514387, 0.55671, 0.483718, 0.502506, 0.475378, 0.427983, 0.502097, 0.583403, 0.549709, 0.462445
0.444649, 0.491278, 0.502628, 0.532605, 0.508674, 0.4605, 0.430654, 0.470519, 0.520588, 0.517773, 0.447268, 0.454811, 0.479407, 0.575222, 0.457005, 0.53003, 0.471674, 0.461711, 0.534389, 0.470325, 0.483605, 0.532909, 0.587417, 0.51764, 0.505715, 0.480026, 0.525043, 0.505489, 0.506296, 0.544959, 0.453049, 0.505904, 0.519641, 0.534487, 0.58339, 0.477162, 0.469388, 0.463133, 0.509326, 0.509989, 0.528817, 0.531807, 0.535892, 0.491362, 0.44001, 0.457109, 0.434958, 0.450127, 0.547118, 0.494371, 0.504445, 0.503878, 0.582604, 0.531242, 0.521478, 0.554996, 0.461104, 0.519935, 0.479919, 0.440982, 0.503151, 0.57768, 0.549804, 0.479541
0.458117, 0.483953, 0.520047, 0.53151, 0.501493, 0.465766, 0.42183, 0.474911, 0.516381, 0.526733, 0.437256, 0.460923, 0.480581, 0.577517, 0.45742, 0.530631, 0.458946, 0.470336, 0.537133, 0.476157, 0.475172, 0.522372, 0.586842, 0.509389, 0.510659, 0.45105, 0.518219, 0.513283, 0.502934, 0.537995, 0.465718, 0.500142, 0.513737, 0.528198, 0.559847, 0.456866, 0.450417, 0.465096, 0.514846, 0.512016, 0.531644, 0.511012, 0.533876, 0.481548, 0.424182, 0.454434, 0.454775, 0.46165, 0.561756, 0.481968, 0.506608, 0.512515, 0.575183, 0.531841, 0.514279, 0.564119, 0.459617, 0.51104, 0.48524, 0.426508, 0.477103, 0.580371, 0.538971, 0.471997
0.473621, 0.491671, 0.500567, 0.542519, 0.509902, 0.45381, 0.435321, 0.476256, 0.509564, 0.531109, 0.439407, 0.478828, 0.493269, 0.591818, 0.447388, 0.530503, 0.469712, 0.469084, 0.533217, 0.459478, 0.472568, 0.540045, 0.578569, 0.512643, 0.516652, 0.4492, 0.525534, 0.497978, 0.48864, 0.539054, 0.476861, 0.486185, 0.508985, 0.52004, 0.581959, 0.457307, 0.450804, 0.468283, 0.496758, 0.493254, 0.522005, 0.509755, 0.527428, 0.464332, 0.420195, 0.442824, 0.446148, 0.45601, 0.564579, 0.48374, 0.525393, 0.512339, 0.552174, 0.527509, 0.507941, 0.557869, 0.482032, 0.498649, 0.482902, 0.441082, 0.480913, 0.560786, 0.54426, 0.472698
0.45452, 0.493409, 0.506765, 0.542467, 0.505907, 0.456401, 0.423187, 0.482945, 0.509523, 0.524744, 0.449572, 0.465626, 0.48868, 0.58773, 0.457719, 0.541052, 0.474857, 0.462564, 0.545912, 0.470955, 0.467435, 0.524967, 0.58188, 0.50775, 0.513478, 0.45723, 0.518503, 0.506058, 0.500581, 0.541655, 0.458016, 0.499145, 0.522983, 0.533226, 0.573421, 0.461246, 0.453102, 0.462165, 0.50077, 0.513107, 0.521847, 0.511887, 0.535324, 0.474331, 0.425581, 0.444653, 0.444647, 0.459948, 0.555264, 0.482599, 0.519777, 0.505302, 0.56639, 0.528809, 0.505673, 0.556048, 0.465505, 0.511395, 0.481007, 0.433208, 0.482844, 0.574662, 0.54921, 0.476366
0.454766, 0.488694, 0.503191, 0.541585, 0.492945, 0.456563, 0.420044, 0.485493, 0.509669, 0.54487, 0.456444, 0.476746, 0.490353, 0.58123, 0.446213, 0.53982, 0.475068, 0.465133, 0.544057, 0.460862, 0.476466, 0.525096, 0.585629, 0.515657, 0.502158, 0.464315, 0.525644, 0.495717, 0.493765, 0.545037, 0.459494, 0.503321, 0.522828, 0.540371, 0.568585, 0.454036, 0.456836, 0.464731, 0.511357, 0.509529, 0.529228, 0.512507, 0.540641, 0.480294, 0.417053, 0.44403, 0.456328, 0.461166, 0.555351, 0.479352, 0.515598, 0.522762, 0.572754, 0.520261, 0.494352, 0.546412, 0.471438, 0.521195, 0.481719, 0.43694, 0.500237, 0.566498, 0.535545, 0.480567
0.467492, 0.496169, 0.487466, 0.547912, 0.492274, 0.473721, 0.420161, 0.484508, 0.51403, 0.546914, 0.446708, 0.475219, 0.494034, 0.597423, 0.444818, 0.542087, 0.454069, 0.479064, 0.547882, 0.473782, 0.469323, 0.526282, 0.583588, 0.508934, 0.513724, 0.476983, 0.542604, 0.498673, 0.490025, 0.545772, 0.483756, 0.507484, 0.509489, 0.529084, 0.582527, 0.468932, 0.463754, 0.477346, 0.504212, 0.491218, 0.528602, 0.508694, 0.527399, 0.47579, 0.413431, 0.438117, 0.43249, 0.461815, 0.54484, 0.489236, 0.503066, 0.507173, 0.566542, 0.529209, 0.501535, 0.554234, 0.464395, 0.505517, 0.477778, 0.44074, 0.497727, 0.576335, 0.543825, 0.482939
0.458317, 0.501188, 0.492803, 0.539462, 0.507025, 0.467244, 0.431613, 0.472117, 0.504335, 0.522887, 0.453148, 0.46518, 0.486937, 0.596838, 0.457481, 0.543087, 0.470828, 0.461187, 0.528987, 0.471351, 0.479784, 0.540955, 0.57942, 0.509947, 0.513659, 0.459058, 0.538236, 0.500968, 0.491149, 0.552874, 0.460662, 0.487468, 0.521583, 0.531857, 0.583097, 0.462272, 0.452563, 0.471761, 0.498625, 0.506272, 0.521285, 0.520859, 0.530909, 0.479723, 0.422457, 0.438929, 0.435002, 0.453067, 0.554712, 0.491436, 0.521159, 0.511133, 0.569345, 0.522617, 0.499081, 0.556106, 0.470903, 0.504453, 0.489333, 0.446994, 0.491848, 0.560058, 0.539472, 0.480176
0.470668, 0.496745, 0.495617, 0.532066, 0.490414, 0.471325, 0.432093, 0.481716, 0.511806, 0.524532, 0.437097, 0.482891, 0.484601, 0.580496, 0.446157, 0.526324, 0.469071, 0.475335, 0.541874, 0.464776, 0.470645, 0.534322, 0.574268, 0.516706, 0.512093, 0.455635, 0.537513, 0.496191, 0.500528, 0.540504, 0.464807, 0.499614, 0.523127, 0.52873, 0.574229, 0.46392, 0.453489, 0.460511, 0.493684, 0.492539, 0.52853, 0.513236, 0.535331, 0.469457, 0.421792, 0.443539, 0.446487, 0.451186, 0.544414, 0.493492, 0.516355, 0.520598, 0.551148, 0.520398, 0.504859, 0.561168, 0.469162, 0.519259, 0.496599, 0.445782, 0.478871, 0.572038, 0.528439, 0.475524
0.481694, 0.494046, 0.513367, 0.5263, 0.507702, 0.458508, 0.415064, 0.471032, 0.514566, 0.531524, 0.432864, 0.470923, 0.488208, 0.578772, 0.440964, 0.536382, 0.458331, 0.489348, 0.539778, 0.457459, 0.475785, 0.534601, 0.591525, 0.514513, 0.517459, 0.462177, 0.518952, 0.513714, 0.489488, 0.534441, 0.45553, 0.51185, 0.506229, 0.527124, 0.589727, 0.455452, 0.474797, 0.477776, 0.524487, 0.484013, 0.533489, 0.52596, 0.529701, 0.485031, 0.434395, 0.461734, 0.444073, 0.466023, 0.549377, 0.477855, 0.50808, 0.507854, 0.555025, 0.523052, 0.510374, 0.558621, 0.455448, 0.526966, 0.4958, 0.448041, 0.494722, 0.564907, 0.532135, 0.457726
0.465366, 0.489644, 0.50962, 0.539445, 0.510887, 0.4547, 0.414317, 0.486281, 0.509506, 0.53999, 0.450125, 0.467796, 0.489723, 0.582492, 0.447344, 0.527987, 0.466138, 0.477629, 0.538269, 0.471364, 0.474208, 0.530447, 0.576058, 0.507222, 0.514975, 0.459363, 0.520852, 0.512772, 0.491408, 0.546094, 0.4578, 0.510441, 0.518562, 0.531564, 0.578133, 0.452634, 0.45608, 0.465492, 0.516781, 0.508785, 0.532302, 0.512614, 0.539671, 0.475061, 0.411427, 0.446041, 0.459623, 0.458643, 0.543332, 0.470122, 0.516326, 0.517982, 0.569363, 0.533238, 0.499108, 0.545434, 0.463063, 0.52363, 0.476908, 0.441929, 0.497044, 0.565952, 0.552002, 0.458858
0.478488, 0.500312, 0.492764, 0.538647, 0.504245, 0.466623, 0.43086, 0.489702, 0.498454, 0.546715, 0.436301, 0.479964, 0.485616, 0.596693, 0.460683, 0.541247, 0.473713, 0.489193, 0.528909, 0.456284, 0.4625, 0.537475, 0.578461, 0.525655, 0.495242, 0.471488, 0.540181, 0.4986, 0.484773, 0.555274, 0.4566, 0.501536, 0.524774, 0.513689, 0.587536, 0.465512, 0.466489, 0.455607, 0.510396, 0.48943, 0.508707, 0.533619, 0.528241, 0.471503, 0.427303, 0.44107, 0.456111, 0.475358, 0.562146, 0.472234, 0.523269, 0.504524, 0.547082, 0.520385, 0.513143, 0.547809, 0.485384, 0.502557, 0.491917, 0.44468, 0.483557, 0.568195, 0.554283, 0.456499
0.474605, 0.491618, 0.510937, 0.540422, 0.50916, 0.47631, 0.415678, 0.474622, 0.519795, 0.534227, 0.439035, 0.457638, 0.497048, 0.587913, 0.454009, 0.54058, 0.452668, 0.488072, 0.531262, 0.465912, 0.475468, 0.53025, 0.584758, 0.525424, 0.508355, 0.452744, 0.529254, 0.515957, 0.506198, 0.543561, 0.471915, 0.504949, 0.51097, 0.518385, 0.573732, 0.464307, 0.452425, 0.466621, 0.519831, 0.505673, 0.526178, 0.521513, 0.526868, 0.487499, 0.420782, 0.449941, 0.450921, 0.469069, 0.56094, 0.49052, 0.502556, 0.505832, 0.554217, 0.517987, 0.520579, 0.562481, 0.462077, 0.519609, 0.487374, 0.42328, 0.48924, 0.578977, 0.54008, 0.4711
0.462074, 0.493469, 0.519083, 0.540231, 0.518359, 0.473022, 0.419392, 0.491292, 0.518813, 0.521587, 0.438241, 0.454688, 0.496375, 0.58438, 0.457361, 0.524284, 0.476318, 0.465443, 0.528912, 0.469184, 0.477157, 0.545335, 0.58338, 0.512757, 0.499814, 0.464063, 0.527801, 0.505999, 0.510628, 0.55069, 0.450945, 0.504976, 0.511866, 0.520819, 0.571992, 0.471096, 0.457683, 0.452817, 0.505984, 0.504636, 0.527119, 0.533897, 0.538744, 0.494348, 0.422911, 0.444379, 0.441637, 0.458049, 0.541207, 0.483623, 0.507735, 0.514193, 0.566522, 0.520234, 0.506661, 0.545441, 0.469854, 0.526215, 0.483897, 0.440126, 0.497332, 0.575301, 0.54472, 0.459824
0.463079, 0.492357, 0.506006, 0.541041, 0.497333, 0.464744, 0.429981, 0.486585, 0.520015, 0.539127, 0.436545, 0.468512, 0.488411, 0.582874, 0.444532, 0.52693, 0.458185, 0.48023, 0.545832, 0.463378, 0.475668, 0.531181, 0.589813, 0.520386, 0.505197, 0.457398, 0.528223, 0.513872, 0.495323, 0.542443, 0.467318, 0.507104, 0.508592, 0.529931, 0.569715, 0.457597, 0.450842, 0.468128, 0.504397, 0.509749, 0.528097, 0.519298, 0.541537, 0.477274, 0.424072, 0.443007, 0.447577, 0.45321, 0.5473, 0.48763, 0.507183, 0.505097, 0.551581, 0.532115, 0.514214, 0.54723, 0.469072, 0.517359, 0.477588, 0.436438, 0.481695, 0.582568, 0.537833, 0.471646
0.464418, 0.485397, 0.504071, 0.54424, 0.498498, 0.460788, 0.419065, 0.475562, 0.513765, 0.539685, 0.449228, 0.459943, 0.500851, 0.587412, 0.452674, 0.540857, 0.469654, 0.473695, 0.545801, 0.469543, 0.473368, 0.527179, 0.589534, 0.505896, 0.511951, 0.45475, 0.525265, 0.50495, 0.500373, 0.53961, 0.470923, 0.499542, 0.509024, 0.53741, 0.574407, 0.456342, 0.451735, 0.47136, 0.517898, 0.500108, 0.534473, 0.513853, 0.531065, 0.485803, 0.422276, 0.449065, 0.437856, 0.467136, 0.555876, 0.479976, 0.512303, 0.510055, 0.568482, 0.524014, 0.499545, 0.557358, 0.462071, 0.51517, 0.478709, 0.434028, 0.496109, 0.568936, 0.536417, 0.474711
0.470569, 0.493399, 0.497426, 0.529994, 0.504905, 0.462319, 0.416089, 0.490533, 0.507324, 0.535064, 0.443393, 0.473426, 0.481311, 0.577682, 0.450112, 0.531259, 0.47387, 0.47103, 0.529018, 0.460857, 0.461004, 0.536101, 0.578854, 0.51371, 0.50687, 0.468354, 0.523404, 0.511498, 0.494242, 0.546664, 0.456452, 0.50968, 0.511156, 0.51414, 0.581347, 0.458494, 0.465447, 0.461602, 0.506675, 0.499773, 0.526658, 0.515612, 0.525846, 0.47409, 0.414328, 0.45362, 0.454827, 0.463902, 0.546778, 0.475243, 0.511519, 0.50866, 0.560174, 0.523952, 0.51181, 0.54865, 0.465818, 0.514886, 0.485474, 0.440446, 0.483068, 0.565964, 0.547559, 0.458884
0.47515, 0.492399, 0.502398, 0.535744, 0.520216, 0.462074, 0.421029, 0.47529, 0.512049, 0.529684, 0.451791, 0.464661, 0.498515, 0.588751, 0.457696, 0.533214, 0.476777, 0.480141, 0.540648, 0.458701, 0.465523, 0.53175, 0.583952, 0.502807, 0.514204, 0.453505, 0.521162, 0.506239, 0.491218, 0.538092, 0.458593, 0.497377, 0.504578, 0.519148, 0.571313, 0.457209, 0.460474, 0.459582, 0.52051, 0.506774, 0.518245, 0.51849, 0.520621, 0.480895, 0.414594, 0.451816, 0.439206, 0.474564, 0.560352, 0.475455, 0.521254, 0.502459, 0.564172, 0.517712, 0.504851, 0.566972, 0.46796, 0.508625, 0.47395, 0.430647, 0.486716, 0.567665, 0.55503, 0.465172
0.453405, 0.487676, 0.507863, 0.530008, 0.497934, 0.465548, 0.417827, 0.480311, 0.511003, 0.53171, 0.444544, 0.453234, 0.482917, 0.58327, 0.449815, 0.540414, 0.450793, 0.471968, 0.528141, 0.480653, 0.484504, 0.526816, 0.592544, 0.51753, 0.509711, 0.467161, 0.517046, 0.501459, 0.507637, 0.534103, 0.469044, 0.504187, 0.517111, 0.536301, 0.58182, 0.469412, 0.458159, 0.475523, 0.517252, 0.495908, 0.538518, 0.525508, 0.535387, 0.494228, 0.434789, 0.456422, 0.444203, 0.456636, 0.55178, 0.493194, 0.504724, 0.500004, 0.575721, 0.528608, 0.518347, 0.554056, 0.458876, 0.516035, 0.481229, 0.434635, 0.489631, 0.569815, 0.541028, 0.467465
0.472901, 0.50041, 0.508235, 0.542562, 0.505565, 0.463083, 0.429191, 0.479963, 0.515646, 0.528588, 0.444141, 0.482936, 0.490034, 0.597123, 0.45222, 0.537499, 0.469067, 0.469, 0.541216, 0.461591, 0.466474, 0.542754, 0.573329, 0.513804, 0.510394, 0.451829, 0.542963, 0.504212, 0.489684, 0.550805, 0.466349, 0.494921, 0.51486, 0.522844, 0.567929, 0.455473, 0.446629, 0.460547, 0.499015, 0.509597, 0.516141, 0.514689, 0.538597, 0.471969, 0.422502, 0.436807, 0.445805, 0.455194, 0.556713, 0.480038, 0.513988, 0.517936, 0.551984, 0.519567, 0.502052, 0.5511, 0.478322, 0.512734, 0.4898, 0.433651, 0.489783, 0.571108, 0.534876, 0.471644
0.449239, 0.499437, 0.497104, 0.548963, 0.507428, 0.46234, 0.422557, 0.497528, 0.516165, 0.543204, 0.456231, 0.476894, 0.506043, 0.579756, 0.443698, 0.530184, 0.473394, 0.46212, 0.550977, 0.457425, 0.46123, 0.525724, 0.580854, 0.50867, 0.500638, 0.473773, 0.524392, 0.490476, 0.494615, 0.543025, 0.463672, 0.491771, 0.522229, 0.529181, 0.562256, 0.469939, 0.459853, 0.464007, 0.493199, 0.507869, 0.518599, 0.525494, 0.534157, 0.485039, 0.416817, 0.442773, 0.435482, 0.472183, 0.546193, 0.486698, 0.530114, 0.518187, 0.567002, 0.522007, 0.501392, 0.558663, 0.47643, 0.503719, 0.475425, 0.429128, 0.493238, 0.583568, 0.547907, 0.470064
0.460045, 0.484643, 0.500997, 0.532259, 0.50661, 0.466529, 0.409836, 0.483881, 0.519083, 0.538384, 0.44919, 0.464352, 0.495485, 0.572316, 0.443827, 0.533132, 0.458619, 0.474612, 0.533867, 0.478206, 0.466613, 0.523309, 0.58578, 0.507368, 0.514515, 0.468658, 0.517067, 0.502699, 0.501072, 0.542922, 0.471057, 0.505035, 0.510531, 0.51614, 0.581411, 0.472575, 0.46937, 0.474335, 0.512896, 0.492292, 0.538014, 0.510144, 0.529719, 0.480761, 0.414807, 0.449736, 0.44509, 0.471138, 0.549878, 0.484044, 0.513093, 0.51858, 0.576119, 0.53334, 0.502083, 0.558155, 0.461093, 0.514584, 0.490559, 0.444445, 0.484485, 0.57521, 0.53725, 0.470231
0.46376, 0.476312, 0.523439, 0.556416, 0.515805, 0.479963, 0.43383, 0.494443, 0.507168, 0.542884, 0.42973, 0.472224, 0.493407, 0.575775, 0.464187, 0.520551, 0.457095, 0.476998, 0.53748, 0.473325, 0.456007, 0.540184, 0.569938, 0.512315, 0.493049, 0.458541, 0.537357, 0.504949, 0.49127, 0.552942, 0.453397, 0.491534, 0.522282, 0.520809, 0.560458, 0.47759, 0.449677, 0.452468, 0.516024, 0.509042, 0.513197, 0.539173, 0.526137, 0.491574, 0.417928, 0.456957, 0.448523, 0.45731, 0.549706, 0.468126, 0.525961, 0.514579, 0.562042, 0.532931, 0.518694, 0.554725, 0.482287, 0.516389, 0.480744, 0.423348, 0.482041, 0.581418, 0.552469, 0.455108
0.448693, 0.489115, 0.515899, 0.532708, 0.511206, 0.45517, 0.427126, 0.471391, 0.503921, 0.522386, 0.450832, 0.453569, 0.480093, 0.579892, 0.455282, 0.536403, 0.47311, 0.463268, 0.528331, 0.477524, 0.475077, 0.538192, 0.588319, 0.503241, 0.515365, 0.455493, 0.515761, 0.512339, 0.499821, 0.556351, 0.463994, 0.487515, 0.507005, 0.516922, 0.561555, 0.472703, 0.456301, 0.466473, 0.511276, 0.51752, 0.526176, 0.510043, 0.518902, 0.474771, 0.419579, 0.447052, 0.440528, 0.463943, 0.565776, 0.492503, 0.51721, 0.50339, 0.578949, 0.518278, 0.522118, 0.567465, 0.460096, 0.500105, 0.475108, 0.438713, 0.486673, 0.575512, 0.549136, 0.482591
0.453928, 0.477605, 0.522195, 0.543928, 0.509728, 0.473882, 0.424315, 0.483325, 0.515171, 0.525308, 0.432784, 0.453673, 0.483344, 0.573351, 0.455009, 0.532655, 0.462028, 0.477397, 0.542381, 0.475893, 0.463136, 0.519789, 0.588295, 0.520265, 0.503337, 0.453496, 0.512634, 0.520386, 0.505932, 0.554175, 0.461043, 0.491928, 0.514119, 0.511101, 0.554896, 0.469312, 0.453588, 0.461031, 0.518124, 0.517967, 0.524175, 0.520338, 0.520431, 0.492013, 0.424202, 0.448215, 0.455927, 0.467506, 0.563297, 0.491577, 0.506568, 0.500971, 0.568366, 0.520503, 0.531101, 0.564373, 0.459859, 0.516779, 0.487886, 0.422825, 0.474188, 0.585657, 0.532539, 0.471931
0.47405, 0.49761, 0.497945, 0.547295, 0.500112, 0.473984, 0.41335, 0.489079, 0.519645, 0.544946, 0.453669, 0.460207, 0.504503, 0.599291, 0.451403, 0.547448, 0.455359, 0.474509, 0.537769, 0.472432, 0.472015, 0.536624, 0.584391, 0.516328, 0.513008, 0.457978, 0.53456, 0.49972, 0.504922, 0.536596, 0.483628, 0.501676, 0.503614, 0.534641, 0.580751, 0.463311, 0.446486, 0.474458, 0.514717, 0.501652, 0.531116, 0.517069, 0.530897, 0.486921, 0.416451, 0.44699, 0.434456, 0.465297, 0.555264, 0.485249, 0.509341, 0.501749, 0.553694, 0.52299, 0.501759, 0.553941, 0.475839, 0.506898, 0.474005, 0.424375, 0.498102, 0.568484, 0.546258, 0.47558
0.460497, 0.491358, 0.513341, 0.543042, 0.514011, 0.459763, 0.431043, 0.491421, 0.50289, 0.539661, 0.437177, 0.460085, 0.493264, 0.588737, 0.46107, 0.529509, 0.464685, 0.472174, 0.545478, 0.465925, 0.461329, 0.529881, 0.576761, 0.504739, 0.503873, 0.466533, 0.531879, 0.507713, 0.487687, 0.55397, 0.455067, 0.50152, 0.521797, 0.51476, 0.568305, 0.464094, 0.461466, 0.457487, 0.512746, 0.505639, 0.521788, 0.528536, 0.536572, 0.487234, 0.419485, 0.443192, 0.450465, 0.461446, 0.550788, 0.475394, 0.517469, 0.509812, 0.559659, 0.518131, 0.509705, 0.558654, 0.464085, 0.514821, 0.480447, 0.439325, 0.482268, 0.575711, 0.539105, 0.460254
0.464278, 0.501563, 0.507578, 0.539993, 0.511789, 0.453215, 0.42805, 0.482889, 0.504065, 0.54522, 0.444962, 0.471711, 0.505559, 0.598936, 0.461885, 0.540417, 0.473061, 0.472002, 0.544994, 0.458885, 0.474154, 0.539743, 0.576362, 0.505361, 0.511983, 0.469448, 0.543956, 0.490213, 0.484603, 0.54493, 0.468718, 0.506894, 0.518912, 0.526636, 0.572936, 0.46275, 0.461704, 0.460505, 0.505914, 0.499532, 0.517118, 0.521319, 0.529453, 0.475457, 0.415794, 0.436946, 0.447178, 0.468726, 0.557886, 0.476092, 0.525711, 0.522098, 0.562372, 0.511608, 0.496713, 0.562575, 0.467895, 0.503902, 0.469921, 0.447525, 0.502286, 0.57434, 0.552122, 0.479765
0.470969, 0.496656, 0.492897, 0.551182, 0.49632, 0.467464, 0.437466, 0.475817, 0.512346, 0.544071, 0.450472, 0.47996, 0.501895, 0.595781, 0.452383, 0.529509, 0.470434, 0.486614, 0.547861, 0.456237, 0.481698, 0.537337, 0.58566, 0.503698, 0.504174, 0.469132, 0.546219, 0.492998, 0.480322, 0.542396, 0.477149, 0.488332, 0.51316, 0.529051, 0.579624, 0.47007, 0.460781, 0.46246, 0.506075, 0.489411, 0.520814, 0.527498, 0.535928, 0.478548, 0.425437, 0.443422, 0.433405, 0.471612, 0.554427, 0.488972, 0.51917, 0.50824, 0.550034, 0.52844, 0.50359, 0.557249, 0.484469, 0.502708, 0.48575, 0.446363, 0.502941, 0.573421, 0.546433, 0.477871
0.46726, 0.491063, 0.497452, 0.535006, 0.50771, 0.46135, 0.422264, 0.479287, 0.512963, 0.540822, 0.439175, 0.481429, 0.48212, 0.584301, 0.459697, 0.526498, 0.456134, 0.470821, 0.546956, 0.458728, 0.464484, 0.539012, 0.571912, 0.51434, 0.511319, 0.464028, 0.529166, 0.511901, 0.490405, 0.542805, 0.472299, 0.491339, 0.51427, 0.519653, 0.568034, 0.458405, 0.45818, 0.469564, 0.509483, 0.492331, 0.530824, 0.510846, 0.533571, 0.472619, 0.415011, 0.456557, 0.446831, 0.453125, 0.561271, 0.483937, 0.504987, 0.517738, 0.570201, 0.530296, 0.513627, 0.562922, 0.462293, 0.518307, 0.491384, 0.43153, 0.484927, 0.572931, 0.548136, 0.464582
0.450916, 0.488636, 0.499252, 0.532724, 0.496716, 0.465422, 0.423633, 0.481186, 0.510265, 0.532822, 0.446303, 0.464343, 0.477187, 0.578015, 0.452256, 0.532234, 0.479139, 0.457364, 0.529114, 0.461755, 0.480992, 0.539325, 0.589236, 0.522554, 0.501931, 0.46537, 0.521372, 0.508969, 0.508944, 0.555531, 0.452005, 0.492719, 0.515587, 0.53674, 0.563458, 0.467149, 0.459329, 0.459435, 0.505767, 0.507626, 0.532864, 0.514747, 0.52558, 0.483626, 0.416788, 0.454211, 0.454451, 0.45228, 0.560782, 0.483757, 0.512706, 0.516214, 0.580746, 0.519174, 0.508983, 0.55264, 0.466011, 0.515508, 0.484739, 0.442667, 0.490185, 0.562747, 0.534368, 0.482178
0.455005, 0.482944, 0.515487, 0.547404, 0.509592, 0.468496, 0.424809, 0.495476, 0.502234, 0.54994, 0.434439, 0.466452, 0.489555, 0.586044, 0.457153, 0.529356, 0.458137, 0.469339, 0.539669, 0.473013, 0.469099, 0.535556, 0.585403, 0.506395, 0.498397, 0.46787, 0.521419, 0.51172, 0.484783, 0.553251, 0.464336, 0.502943, 0.519561, 0.519109, 0.563354, 0.465918, 0.460288, 0.461788, 0.503709, 0.50955, 0.521616, 0.521932, 0.539508, 0.481662, 0.412714, 0.443969, 0.460086, 0.465416, 0.555784, 0.470407, 0.517191, 0.517358, 0.568844, 0.534247, 0.507358, 0.550927, 0.463536, 0.517769, 0.475589, 0.436445, 0.478223, 0.582234, 0.547989, 0.468133
0.465509, 0.493592, 0.505218, 0.531758, 0.49882, 0.452517, 0.416515, 0.486956, 0.503804, 0.52899, 0.450757, 0.46849, 0.494027, 0.592087, 0.456719, 0.533209, 0.464162, 0.478323, 0.547354, 0.463637, 0.468345, 0.531154, 0.576365, 0.50378, 0.511459, 0.460524, 0.537988, 0.497839, 0.48629, 0.545834, 0.468499, 0.507651, 0.515895, 0.524489, 0.561818, 0.450579, 0.45632, 0.465896, 0.509867, 0.507812, 0.527376, 0.510233, 0.54267, 0.479562, 0.411527, 0.445584, 0.454709, 0.466828, 0.547758, 0.48092, 0.510578, 0.520028, 0.569242, 0.515624, 0.503779, 0.564448, 0.463752, 0.515809, 0.480764, 0.43762, 0.490888, 0.573298, 0.547261, 0.466419
0.464288, 0.495852, 0.515493, 0.528235, 0.507698, 0.45887, 0.414309, 0.481236, 0.512204, 0.526844, 0.452004, 0.476683, 0.485169, 0.587849, 0.453941, 0.532054, 0.462533, 0.465303, 0.524458, 0.472225, 0.475905, 0.531216, 0.583441, 0.508357, 0.518436, 0.456519, 0.525924, 0.505335, 0.499198, 0.541609, 0.463802, 0.498029, 0.521711, 0.520142, 0.581063, 0.463671, 0.468336, 0.464983, 0.512612, 0.49095, 0.534226, 0.513697, 0.537202, 0.481904, 0.424893, 0.455261, 0.453964, 0.465222, 0.55309, 0.479899, 0.520299, 0.51941, 0.572599, 0.531935, 0.503905, 0.558651, 0.47704, 0.514227, 0.496583, 0.434089, 0.486288, 0.564422, 0.547782, 0.458136
0.470269, 0.481072, 0.499548, 0.547513, 0.516129, 0.464354, 0.430253, 0.484639, 0.514584, 0.546023, 0.434346, 0.457906, 0.501902, 0.589908, 0.457101, 0.546199, 0.457564, 0.485168, 0.537637, 0.471126, 0.461917, 0.540247, 0.578868, 0.526631, 0.506921, 0.457881, 0.525774, 0.506836, 0.505208, 0.540522, 0.472977, 0.500798, 0.507681, 0.517652, 0.585303, 0.475506, 0.452218, 0.467735, 0.519918, 0.494815, 0.524144, 0.529069, 0.515529, 0.489535, 0.424903, 0.445397, 0.439771, 0.454038, 0.563806, 0.481323, 0.519549, 0.50311, 0.558221, 0.515175, 0.5129, 0.557664, 0.461938, 0.51074, 0.471008, 0.426492, 0.48236, 0.573725, 0.541476, 0.463541
0.454809, 0.493423, 0.502533, 0.530157, 0.50144, 0.451794, 0.408873, 0.48471, 0.513535, 0.518929, 0.454669, 0.467875, 0.479659, 0.567709, 0.448289, 0.528032, 0.477613, 0.461282, 0.540384, 0.467714, 0.471694, 0.52329, 0.580431, 0.509408, 0.510813, 0.471551, 0.509169, 0.509736, 0.507428, 0.548023, 0.458227, 0.5072, 0.517052, 0.525112, 0.5753, 0.461054, 0.468778, 0.467955, 0.502129, 0.509401, 0.537435, 0.506369, 0.527751, 0.474401, 0.41622, 0.453597, 0.454693, 0.460218, 0.542021, 0.490362, 0.51168, 0.510217, 0.580854, 0.532007, 0.517553, 0.554453, 0.458517, 0.520916, 0.485973, 0.448359, 0.500188, 0.566506, 0.548748, 0.472124
0.458922, 0.504733, 0.509328, 0.526623, 0.50331, 0.452039, 0.416459, 0.485395, 0.502329, 0.529231, 0.4539, 0.458793, 0.490819, 0.595898, 0.460799, 0.53849, 0.458725, 0.463672, 0.545953, 0.470447, 0.472102, 0.534846, 0.57339, 0.495548, 0.5224, 0.464785, 0.538118, 0.497543, 0.492353, 0.543922, 0.471203, 0.510083, 0.509455, 0.525153, 0.567392, 0.455314, 0.463012, 0.467799, 0.504672, 0.504459, 0.525291, 0.507139, 0.540676, 0.477471, 0.411405, 0.449952, 0.439752, 0.463562, 0.54709, 0.483747, 0.51304, 0.51563, 0.569338, 0.513887, 0.502554, 0.570276, 0.459579, 0.505445, 0.474606, 0.438045, 0.491375, 0.573872, 0.547522, 0.470208
0.471924, 0.500625, 0.494743, 0.531469, 0.48733, 0.472305, 0.413703, 0.483975, 0.509597, 0.544666, 0.450665, 0.467007, 0.503831, 0.580304, 0.441967, 0.540015, 0.455844, 0.487915, 0.541783, 0.472759, 0.48508, 0.531772, 0.589293, 0.502736, 0.505873, 0.460874, 0.522851, 0.495911, 0.48272, 0.535625, 0.476051, 0.506702, 0.513988, 0.528587, 0.574866, 0.468607, 0.470664, 0.469252, 0.499261, 0.498911, 0.533108, 0.512706, 0.54098, 0.471411, 0.416604, 0.443294, 0.444558, 0.478597, 0.561615, 0.483638, 0.520936, 0.51646, 0.550602, 0.53609, 0.501489, 0.567819, 0.461605, 0.505267, 0.493372, 0.447855, 0.479559, 0.571106, 0.539205, 0.479946
0.459033, 0.485022, 0.509901, 0.536761, 0.504145, 0.467037, 0.416727, 0.482865, 0.525301, 0.527632, 0.439734, 0.461213, 0.497212, 0.582747, 0.450566, 0.54022, 0.467129, 0.473533, 0.544266, 0.465144, 0.4761, 0.537129, 0.575042, 0.528384, 0.502568, 0.474695, 0.534581, 0.505859, 0.511059, 0.542516, 0.455226, 0.513345, 0.524119, 0.537837, 0.583969, 0.472175, 0.459367, 0.464185, 0.507138, 0.507502, 0.524385, 0.527287, 0.528998, 0.49257, 0.432276, 0.441794, 0.445631, 0.451143, 0.542768, 0.489878, 0.509441, 0.518719, 0.571131, 0.526229, 0.509791, 0.548538, 0.458938, 0.51986, 0.485013, 0.437036, 0.501628, 0.574138, 0.540756, 0.465169
0.462691, 0.492515, 0.51369, 0.537953, 0.500655, 0.459313, 0.418011, 0.487571, 0.513112, 0.542732, 0.437337, 0.463998, 0.490449, 0.584608, 0.444123, 0.536238, 0.465813, 0.472928, 0.53867, 0.463898, 0.470614, 0.526389, 0.588007, 0.51779, 0.506799, 0.460417, 0.528656, 0.514001, 0.492963, 0.553078, 0.468457, 0.511875, 0.512856, 0.521205, 0.565564, 0.459378, 0.457557, 0.465457, 0.500142, 0.513127, 0.523015, 0.507962, 0.536377, 0.476875, 0.413953, 0.437015, 0.455285, 0.468151, 0.554486, 0.477167, 0.5073, 0.519122, 0.558258, 0.521154, 0.511895, 0.557322, 0.45881, 0.518329, 0.480626, 0.434655, 0.480711, 0.583812, 0.534575, 0.476518
0.473697, 0.504046, 0.511926, 0.538803, 0.49276, 0.457187, 0.419335, 0.489608, 0.502516, 0.525013, 0.438408, 0.482547, 0.492636, 0.588568, 0.446765, 0.530005, 0.476101, 0.46361, 0.536753, 0.463037, 0.470612, 0.536153, 0.584413, 0.501495, 0.507675, 0.463507, 0.536141, 0.504367, 0.494401, 0.550627, 0.463087, 0.509285, 0.519665, 0.520755, 0.570829, 0.453323, 0.470652, 0.457183, 0.492329, 0.493802, 0.527451, 0.509088, 0.538778, 0.466846, 0.415904, 0.439968, 0.446549, 0.465413, 0.54129, 0.486666, 0.510876, 0.514248, 0.551908, 0.514111, 0.508634, 0.557192, 0.476483, 0.519086, 0.491786, 0.451165, 0.496124, 0.564993, 0.537231, 0.472422
0.464919, 0.486562, 0.51781, 0.54101, 0.512232, 0.461565, 0.425722, 0.494536, 0.510202, 0.539334, 0.434842, 0.474875, 0.492181, 0.578256, 0.4535, 0.528939, 0.467967, 0.464713, 0.544176, 0.464946, 0.457368, 0.540826, 0.571293, 0.512068, 0.51242, 0.45488, 0.528023, 0.500481, 0.498466, 0.543546, 0.4617, 0.502696, 0.51289, 0.519516, 0.568654, 0.461393, 0.454463, 0.456903, 0.505468, 0.503092, 0.518756, 0.516041, 0.53298, 0.479902, 0.416994, 0.448002, 0.452888, 0.453799, 0.551136, 0.4754, 0.521699, 0.52175, 0.555002, 0.520565, 0.508246, 0.557013, 0.472043, 0.521952, 0.476711, 0.428243, 0.478411, 0.572818, 0.542168, 0.463653
0.475739, 0.490984, 0.506923, 0.55312, 0.498674, 0.471782, 0.440385, 0.483079, 0.503974, 0.54009, 0.42866, 0.478593, 0.492265, 0.591631, 0.449659, 0.53742, 0.465219, 0.488904, 0.537618, 0.468059, 0.467589, 0.535227, 0.575776, 0.510035, 0.492713, 0.467902, 0.542442, 0.494611, 0.48097, 0.550487, 0.465675, 0.487487, 0.522194, 0.520301, 0.574701, 0.47397, 0.468189, 0.457498, 0.498308, 0.495533, 0.510208, 0.531163, 0.5266, 0.473552, 0.431531, 0.442483, 0.444634, 0.474332, 0.563837, 0.474031, 0.525388, 0.51128, 0.552272, 0.524895, 0.520357, 0.562553, 0.484072, 0.494914, 0.495584, 0.448988, 0.489731, 0.572173, 0.542423, 0.466966

