0.0146519, 0.756915, 0.0393953, 0.949235, 0.204624, 0.204242, 0.382653, 0.452457, 0.605631, 0.455639, 0.382679, 0.191585, 0.831652, 0.491544, 0.690004, 0.624523, 0.451683, 0.703362, 0.763138, 0.908842, 0.934791, 0.520527, 0.878542, 0.590647, 0.106564, 0.833041, 0.886535, 0.366518, 0.0239421, 0.540735, 0.00538404, 0.135257, 0.422393, 0.871029, 0.728944, 0.302757, 0.979806, 0.408147, 0.497948, 0.630883, 0.452238, 0.510414, 0.979092, 0.0513239, 0.840259, 0.0820595, 0.310912, 0.452507, 0.930203, 0.570463, 0.947258, 0.146041, 0.763499, 0.967645, 0.222077, 0.956658, 0.779693, 0.119255, 0.978199, 0.430247, 0.15543, 0.90169, 0.862714, 0.232534
0.020745, 0.37696, 0.641885, 0.569211, 0.485184, 0.605848, 0.117882, 0.81181, 0.811124, 0.369355, 0.492439, 0.783132, 0.262816, 0.982973, 0.0106172, 0.0781011, 0.891956, 0.183819, 0.257892, 0.0438147, 0.292897, 0.833073, 0.3512, 0.954618, 0.859983, 0.795471, 0.286255, 0.358517, 0.875968, 0.862984, 0.575941, 0.327578, 0.86678, 0.944422, 0.368505, 0.879343, 0.344713, 0.332976, 0.0718927, 0.241122, 0.415321, 0.809999, 0.430731, 0.429719, 0.506957, 0.345173, 0.280248, 0.449619, 0.366683, 0.599285, 0.902823, 0.968613, 0.916569, 0.318337, 0.28934, 0.644681, 0.97858, 0.129748, 0.318108, 0.540348, 0.810397, 0.825663, 0.489255, 0.754927
0.756863, 0.135123, 0.666744, 0.411376, 0.218899, 0.644606, 0.24316, 0.591493, 0.0272979, 0.599688, 0.525314, 0.0388865, 0.515837, 0.299987, 0.255847, 0.38742, 0.0604009, 0.939659, 0.694751, 0.570962, 0.521065, 0.88777, 0.666472, 0.201884, 0.43425, 0.890007, 0.00866849, 0.806257, 0.059166, 0.588451, 0.338352, 0.00900246, 0.331863, 0.749827, 0.312042, 0.326324, 0.8652, 0.936841, 0.727437, 0.207212, 0.786675, 0.980477, 0.738399, 0.769563, 0.470817, 0.968201, 0.878001, 0.978109, 0.690927, 0.111248, 0.944183, 0.947999, 0.877307, 0.965829, 0.65356, 0.620593, 0.435914, 0.704295, 0.708978, 0.576688, 0.483569, 0.0782658, 0.442216, 0.059816
0.723501, 0.709388, 0.0207382, 0.583631, 0.234464, 0.0456325, 0.185755, 0.469458, 0.641494, 0.260586, 0.822861, 0.749027, 0.20479, 0.380775, 0.0364132, 0.90147, 0.258076, 0.77767, 0.94468, 0.672822, 0.16187, 0.439766, 0.967794, 0.919269, 0.776782, 0.495892, 0.430598, 0.259257, 0.328433, 0.804155, 0.0310344, 0.891947, 0.60933, 0.410379, 0.362519, 0.632921, 0.408973, 0.840578, 0.790166, 0.526922, 0.670738, 0.42871, 0.942716, 0.704261, 0.770832, 0.00307207, 0.0388493, 0.0934962, 0.606545, 0.301274, 0.302783, 0.36907, 0.501326, 0.931975, 0.114307, 0.851735, 0.0616851, 0.943211, 0.0559345, 0.248743, 0.0307946, 0.955677, 0.372934, 0.858327
0.563707, 0.138552, 0.566915, 0.361334, 0.580618, 0.307935, 0.597483, 0.112838, 0.41845, 0.461628, 0.118027, 0.682947, 0.0619898, 0.0170494, 0.819768, 0.603916, 0.679018, 0.0442189, 0.9749, 0.235127, 0.111136, 0.498167, 0.675704, 0.954147, 0.594152, 0.224696, 0.0538324, 0.404162, 0.995894, 0.750217, 0.0129125, 0.0899906, 0.463799, 0.465204, 0.913936, 0.23514, 0.620257, 0.0895172, 0.784349, 0.0186425, 0.281941, 0.568602, 0.190628, 0.00878241, 0.74664, 0.632907, 0.0301355, 0.159902, 0.928694, 0.749693, 0.504771, 0.456405, 0.81312, 0.406707, 0.426414, 0.715071, 0.94386, 0.472271, 0.553302, 0.911097, 0.271165, 0.100401, 0.500952, 0.70785
0.943426, 0.363579, 0.828198, 0.991736, 0.426619, 0.0745749, 0.749415, 0.795509, 0.758628, 0.282065, 0.220045, 0.201032, 0.807812, 0.918878, 0.604049, 0.526915, 0.0793227, 0.975299, 0.473461, 0.432164, 0.00432242, 0.705227, 0.801964, 0.319563, 0.652612, 0.04836, 0.811494, 0.982714, 0.773274, 0.817644, 0.490104, 0.139902, 0.122681, 0.200784, 0.791896, 0.00154774, 0.104111, 0.783967, 0.768885, 0.653439, 0.483339, 0.990301, 0.607848, 0.562345, 0.446837, 0.648898, 0.342858, 0.226044, 0.0138881, 0.719699, 0.176279, 0.399693, 0.115525, 0.248674, 0.799989, 0.151633, 0.930177, 0.546276, 0.0933448, 0.583513, 0.545851, 0.648614, 0.0975482, 0.38579
0.15191, 0.53782, 0.313158, 0.309833, 0.826749, 0.104578, 0.181139, 0.503987, 0.538739, 0.088544, 0.842707, 0.085586, 0.213928, 0.0851837, 0.488956, 0.883478, 0.55139, 0.00502045, 0.0835222, 0.317232, 0.411244, 0.286836, 0.077274, 0.762424, 0.985962, 0.483501, 0.834539, 0.0677883, 0.722951, 0.32833, 0.0402022, 0.313021, 0.605183, 0.984225, 0.876917, 0.0466492, 0.0879003, 0.108862, 0.750826, 0.47927, 0.987983, 0.87424, 0.663669, 0.526728, 0.311818, 0.584296, 0.857745, 0.0514253, 0.384124, 0.0813375, 0.195197, 0.294556, 0.427672, 0.0959224, 0.465757, 0.390349, 0.125303, 0.85409, 0.832405, 0.00494302, 0.613916, 0.13708, 0.936177, 0.415995
0.493015, 0.533973, 0.338043, 0.944588, 0.676375, 0.936365, 0.262101, 0.253306, 0.814272, 0.446577, 0.301636, 0.78279, 0.609104, 0.949588, 0.418771, 0.605513, 0.134258, 0.67388, 0.490672, 0.322992, 0.0462047, 0.0201496, 0.102892, 0.912025, 0.483619, 0.195694, 0.561506, 0.662692, 0.669755, 0.834018, 0.91579, 0.565971, 0.77127, 0.108404, 0.821574, 0.524449, 0.097898, 0.484352, 0.507005, 0.798311, 0.387107, 0.338946, 0.324375, 0.331185, 0.614441, 0.772658, 0.256141, 0.792239, 0.646793, 0.794898, 0.249806, 0.267216, 0.691829, 0.713161, 0.81298, 0.432058, 0.674491, 0.238225, 0.881319, 0.257846, 0.414988, 0.431393, 0.0931024, 0.296489
0.171761, 0.281793, 0.168534, 0.88907, 0.908571, 0.0281864, 0.545269, 0.0511988, 0.307689, 0.818466, 0.550059, 0.914984, 0.965074, 0.844563, 0.299647, 0.819967, 0.886406, 0.788908, 0.532773, 0.100941, 0.656624, 0.398012, 0.9868, 0.953483, 0.463892, 0.340658, 0.784356, 0.899131, 0.0995253, 0.775517, 0.850813, 0.305972, 0.26257, 0.841275, 0.415559, 0.394474, 0.408096, 0.519742, 0.0115734, 0.396334, 0.460986, 0.078362, 0.189269, 0.0331373, 0.515455, 0.12452, 0.227679, 0.656776, 0.982728, 0.343921, 0.374976, 0.777055, 0.929108, 0.42703, 0.432085, 0.250723, 0.177876, 0.0295616, 0.362434, 0.652398, 0.875222, 0.895874, 0.958007, 0.522597
0.649569, 0.876884, 0.516175, 0.50126, 0.932783, 0.155094, 0.393287, 0.442076, 0.804883, 0.251944, 0.194909, 0.696821, 0.979929, 0.301123, 0.258861, 0.592824, 0.597232, 0.452226, 0.486425, 0.128234, 0.0351436, 0.804052, 0.455229, 0.826083, 0.901645, 0.202383, 0.167665, 0.534248, 0.794875, 0.389643, 0.684117, 0.277449, 0.0733784, 0.0759366, 0.95385, 0.69518, 0.83795, 0.724003, 0.457834, 0.16861, 0.191321, 0.693362, 0.193399, 0.0682981, 0.704534, 0.718636, 0.242261, 0.493695, 0.857926, 0.259532, 0.940441, 0.8624, 0.0168697, 0.367472, 0.981803, 0.952611, 0.696879, 0.318841, 0.441605, 0.0487836, 0.0849504, 0.566655, 0.897441, 0.0788284
0.628762, 0.405102, 0.565425, 0.763566, 0.0802502, 0.825994, 0.705667, 0.379839, 0.270485, 0.826757, 0.592649, 0.841443, 0.301922, 0.712173, 0.237023, 0.832433, 0.638395, 0.000437262, 0.115355, 0.471296, 0.2897, 0.749446, 0.74367, 0.233851, 0.668886, 0.299546, 0.453296, 0.237965, 0.839362, 0.710543, 0.0619093, 0.758745, 0.805367, 0.615829, 0.922682, 0.661059, 0.380093, 0.419897, 0.567567, 0.212266, 0.52485, 0.168072, 0.138898, 0.312406, 0.408983, 0.758341, 0.775735, 0.367608, 0.236145, 0.533387, 0.853411, 0.920903, 0.777218, 0.443832, 0.0037029, 0.0250982, 0.681574, 0.813401, 0.0800136, 0.0649231, 0.172588, 0.171224, 0.556648, 0.451112
0.453102, 0.596657, 0.845669, 0.562091, 0.626834, 0.900063, 0.890018, 0.0699778, 0.904545, 0.687582, 0.0109729, 0.64878, 0.864158, 0.56564, 0.210448, 0.299486, 0.158864, 0.793876, 0.399855, 0.564535, 0.819957, 0.260547, 0.843717, 0.750711, 0.170507, 0.872955, 0.899364, 0.17691, 0.539444, 0.134946, 0.0376573, 0.608532, 0.81227, 0.506647, 0.0353339, 0.52419, 0.506935, 0.599029, 0.745406, 0.423256, 0.348266, 0.920791, 0.348674, 0.972037, 0.54046, 0.325383, 0.743694, 0.921179, 0.809753, 0.295056, 0.376095, 0.563289, 0.667739, 0.290559, 0.970917, 0.479132, 0.38437, 0.532985, 0.117073, 0.0913909, 0.579544, 0.805809, 0.137241, 0.891005
0.405379, 0.0321704, 0.98789, 0.91689, 0.441358, 0.211432, 0.538497, 0.999426, 0.779762, 0.965035, 0.192579, 0.209467, 0.0989693, 0.43476, 0.348999, 0.790107, 0.720183, 0.941304, 0.166124, 0.945327, 0.575152, 0.625766, 0.459012, 0.608754, 0.26755, 0.230934, 0.78602, 0.598845, 0.428727, 0.878789, 0.4299, 0.362744, 0.361399, 0.296787, 0.158072, 0.853409, 0.0516051, 0.591079, 0.359945, 0.972793, 0.0112855, 0.443018, 0.0512071, 0.156833, 0.03103, 0.079443, 0.805956, 0.0285133, 0.992158, 0.0609075, 0.864537, 0.930356, 0.373721, 0.313344, 0.730998, 0.119363, 0.919661, 0.423343, 0.278121, 0.946698, 0.138966, 0.404049, 0.423, 0.304087
0.44086, 0.630862, 0.617512, 0.17973, 0.229327, 0.270494, 0.143944, 0.526247, 0.648705, 0.0964935, 0.189797, 0.661317, 0.958551, 0.277412, 0.474256, 0.499805, 0.208575, 0.184153, 0.809011, 0.700594, 0.0162796, 0.703769, 0.84747, 0.744081, 0.0497897, 0.693277, 0.0636819, 0.0030796, 0.94699, 0.60715, 0.814484, 0.413003, 0.520506, 0.830668, 0.00431198, 0.259891, 0.27184, 0.164376, 0.0280232, 0.916179, 0.543761, 0.505581, 0.311072, 0.135489, 0.472088, 0.512104, 0.497039, 0.676347, 0.368342, 0.563522, 0.976973, 0.543531, 0.816213, 0.179278, 0.791886, 0.16245, 0.665494, 0.205944, 0.170202, 0.744055, 0.808029, 0.832607, 0.152245, 0.286859
0.985777, 0.429554, 0.676731, 0.55661, 0.938539, 0.504469, 0.336524, 0.235382, 0.379053, 0.899557, 0.084611, 0.202024, 0.577021, 0.854922, 0.937428, 0.234802, 0.999506, 0.500511, 0.642801, 0.326671, 0.182754, 0.827291, 0.122062, 0.274777, 0.894613, 0.285702, 0.912348, 0.125623, 0.777086, 0.59186, 0.389624, 0.882102, 0.749405, 0.636138, 0.774023, 0.483119, 0.565303, 0.364945, 0.749713, 0.386921, 0.398132, 0.243045, 0.342064, 0.597804, 0.491104, 0.710453, 0.399866, 0.557418, 0.970932, 0.21335, 0.535683, 0.782203, 0.459207, 0.704061, 0.343387, 0.884919, 0.851409, 0.865767, 0.205078, 0.611123, 0.285054, 0.238336, 0.610423, 0.716558
0.292623, 0.654523, 0.962601, 0.606472, 0.911173, 0.905346, 0.718413, 0.562685, 0.821157, 0.63786, 0.312296, 0.663554, 0.710997, 0.797478, 0.426165, 0.536977, 0.318355, 0.577215, 0.706496, 0.376385, 0.282099, 0.648958, 0.621245, 0.34446, 0.556257, 0.682668, 0.909669, 0.726619, 0.166309, 0.49907, 0.619958, 0.0488684, 0.874956, 0.633222, 0.503483, 0.373425, 0.971579, 0.383644, 0.901273, 0.153198, 0.227575, 0.604074, 0.249165, 0.447838, 0.21374, 0.616773, 0.103058, 0.294975, 0.462626, 0.8312, 0.0619453, 0.572051, 0.806178, 0.418301, 0.652972, 0.405537, 0.280855, 0.645369, 0.994816, 0.292802, 0.929416, 0.771412, 0.973643, 0.0228742
0.385709, 0.95437, 0.70676, 0.607576, 0.0252877, 0.374532, 0.157154, 0.306017, 0.552302, 0.365063, 0.853525, 0.960209, 0.558837, 0.176939, 0.149875, 0.748831, 0.250603, 0.526009, 0.210347, 0.962006, 0.191976, 0.766857, 0.233779, 0.656886, 0.54873, 0.0149934, 0.00033251, 0.448114, 0.586523, 0.474745, 0.91149, 0.411538, 0.706472, 0.329149, 0.80855, 0.259795, 0.456816, 0.75535, 0.801621, 0.871167, 0.830228, 0.527062, 0.275826, 0.229711, 0.432844, 0.450247, 0.335189, 0.371457, 0.80649, 0.577592, 0.642787, 0.903418, 0.866057, 0.772328, 0.461127, 0.871265, 0.120367, 0.0429893, 0.887622, 0.327392, 0.879797, 0.00723469, 0.186892, 0.400577
0.655169, 0.164992, 0.0830366, 0.472073, 0.726045, 0.539234, 0.17823, 0.166768, 0.376255, 0.76502, 0.324002, 0.208794, 0.181836, 0.547365, 0.798216, 0.269524, 0.280919, 0.571353, 0.666621, 0.175362, 0.185288, 0.00518862, 0.170224, 0.46909, 0.974729, 0.683975, 0.149015, 0.479014, 0.573679, 0.449999, 0.67057, 0.797489, 0.578525, 0.537668, 0.731779, 0.274339, 0.646368, 0.756383, 0.339623, 0.100141, 0.690305, 0.0591657, 0.698343, 0.316781, 0.301222, 0.622794, 0.0648713, 0.644512, 0.64163, 0.728223, 0.717322, 0.484669, 0.06783, 0.740366, 0.0684741, 0.489338, 0.248945, 0.182971, 0.218998, 0.687074, 0.508467, 0.247353, 0.732702, 0.0705561
0.00386863, 0.345202, 0.00441985, 0.39778, 0.5019, 0.57842, 0.723369, 0.653435, 0.468565, 0.434943, 0.0611735, 0.584427, 0.489271, 0.0952056, 0.103749, 0.02004, 0.965347, 0.179776, 0.0700109, 0.593278, 0.372527, 0.477396, 0.809532, 0.782678, 0.51291, 0.720591, 0.769173, 0.753445, 0.219828, 0.711742, 0.335458, 0.115568, 0.350201, 0.126766, 0.972867, 0.0941655, 0.912905, 0.994131, 0.255993, 0.010252, 0.333332, 0.750709, 0.0555643, 0.593797, 0.775269, 0.734567, 0.417253, 0.571194, 3.12951e-05, 0.462215, 0.459379, 0.593496, 0.957195, 0.811399, 0.969873, 0.0217172, 0.820398, 0.190641, 0.893507, 0.735671, 0.796467, 0.926797, 0.608528, 0.545819
0.244785, 0.544424, 0.812999, 0.956069, 0.890358, 0.580305, 0.591879, 0.972939, 0.877558, 0.696767, 0.991236, 0.295664, 0.478462, 0.241861, 0.581059, 0.717182, 0.960738, 0.499147, 0.976768, 0.150912, 0.354798, 0.373433, 0.568349, 0.282786, 0.0884303, 0.026038, 0.102069, 0.792674, 0.80439, 0.753467, 0.231878, 0.54297, 0.520223, 0.351271, 0.199134, 0.439423, 0.689544, 0.139574, 0.117265, 0.925773, 0.873916, 0.857618, 0.661318, 0.589662, 0.600785, 0.400713, 0.256292, 0.613456, 0.337023, 0.112483, 0.828128, 0.143385, 0.018487, 0.734838, 0.836701, 0.692693, 0.802637, 0.630934, 0.341519, 0.159921, 0.295093, 0.702606, 0.329793, 0.503718
0.303861, 0.163927, 0.267193, 0.539869, 0.47236, 0.472644, 0.133043, 0.280262, 0.347991, 0.702883, 0.24095, 0.850532, 0.435181, 0.285311, 0.360491, 0.663998, 0.334039, 0.959368, 0.599911, 0.625632, 0.814746, 0.610258, 0.563912, 0.98187, 0.240521, 0.876235, 0.389892, 0.126092, 0.647861, 0.433179, 0.722901, 0.744051, 0.634314, 0.532613, 0.778733, 0.904352, 0.546633, 0.952424, 0.7772, 0.276388, 0.28849, 0.998461, 0.0566458, 0.299157, 0.829269, 0.432326, 0.237259, 0.0883001, 0.996156, 0.96502, 0.358727, 0.0198807, 0.368945, 0.546574, 0.9228, 0.558901, 0.306428, 0.773697, 0.0404907, 0.103686, 0.772685, 0.348519, 0.97735, 0.967673
0.837649, 0.657375, 0.900296, 0.92908, 0.843014, 0.345005, 0.66698, 0.477885, 0.652201, 0.35751, 0.158022, 0.294859, 0.0628172, 0.820759, 0.0430587, 0.282066, 0.148145, 0.363813, 0.145617, 0.172888, 0.39016, 0.917617, 0.488003, 0.976315, 0.251468, 0.963804, 0.676161, 0.128384, 0.409297, 0.336097, 0.973983, 0.661498, 0.274904, 0.251985, 0.796881, 0.53425, 0.410832, 0.284046, 0.261342, 0.736407, 0.619758, 0.75984, 0.819456, 0.905736, 0.631283, 0.64417, 0.671844, 0.578972, 0.360793, 0.415701, 0.311472, 0.440841, 0.79267, 0.492202, 0.371566, 0.772586, 0.98641, 0.0930948, 0.192194, 0.0642022, 0.920323, 0.965406, 0.790251, 0.213506
0.0044281, 0.495479, 0.272462, 0.316602, 0.59609, 0.309726, 0.913498, 0.0169005, 0.851413, 0.0781915, 0.633693, 0.0430268, 0.142716, 0.358403, 0.732357, 0.391246, 0.604116, 0.127013, 0.376244, 0.597218, 0.741706, 0.520326, 0.718375, 0.478091, 0.485556, 0.922901, 0.4851, 0.616822, 0.59973, 0.545901, 0.2765, 0.842705, 0.614072, 0.760397, 0.934055, 0.947511, 0.838107, 0.248679, 0.507763, 0.920345, 0.534104, 0.872955, 0.886431, 0.70591, 0.952886, 0.889801, 0.0205051, 0.122688, 0.420874, 0.695179, 0.214195, 0.422058, 0.952272, 0.715984, 0.953139, 0.537771, 0.31734, 0.828616, 0.29805, 0.575874, 0.886928, 0.703536, 0.740969, 0.826051
0.433463, 0.25148, 0.977903, 0.165626, 0.296677, 0.624043, 0.503987, 0.207438, 0.758421, 0.24584, 0.0420676, 0.37894, 0.0224464, 0.30447, 0.843184, 0.399406, 0.391509, 0.382461, 0.400298, 0.720103, 0.707518, 0.000726485, 0.740173, 0.119467, 0.529949, 0.102549, 0.33385, 0.802068, 0.753448, 0.11606, 0.59683, 0.608389, 0.434902, 0.776785, 0.0625794, 0.0316377, 0.0380082, 0.441305, 0.727679, 0.700573, 0.652171, 0.347773, 0.599527, 0.383482, 0.616612, 0.637522, 0.745941, 0.371459, 0.861642, 0.345865, 0.142789, 0.699713, 0.926505, 0.901189, 0.42309, 0.868585, 0.258762, 0.00118298, 0.520179, 0.0335915, 0.0666194, 0.983057, 0.485912, 0.540504
0.802416, 0.231551, 0.419765, 0.620891, 0.825485, 0.00376672, 0.975627, 0.268262, 0.492582, 0.160696, 0.274796, 0.557056, 0.710994, 0.855305, 0.13813, 0.21202, 0.466179, 0.10928, 0.306462, 0.0926973, 0.85661, 0.652917, 0.532739, 0.472627, 0.689547, 0.0480807, 0.171407, 0.0729178, 0.0647945, 0.169799, 0.838605, 0.0365594, 0.328917, 0.332545, 0.865126, 0.165095, 0.0399095, 0.623594, 0.0881926, 0.109173, 0.527165, 0.100083, 0.456594, 0.0800588, 0.162364, 0.149399, 0.685684, 0.0122482, 0.88368, 0.56709, 0.753943, 0.352196, 0.165444, 0.883609, 0.623597, 0.539817, 0.8385, 0.027786, 0.414649, 0.449326, 0.0895506, 0.0230017, 0.517005, 0.624212
0.185085, 0.59353, 0.653132, 0.781316, 0.494209, 0.194106, 0.461078, 0.53965, 0.295109, 0.0151623, 0.545763, 0.355967, 0.470688, 0.975787, 0.700222, 0.882119, 0.802751, 0.229341, 0.895442, 0.68589, 0.180868, 0.193985, 0.59933, 0.248702, 0.812171, 0.339562, 0.0305608, 0.709773, 0.665574, 0.0294381, 0.142468, 0.397275, 0.991653, 0.917115, 0.702304, 0.475807, 0.121943, 0.425079, 0.116893, 0.812645, 0.183545, 0.21911, 0.725264, 0.224398, 0.594372, 0.530073, 0.468481, 0.485674, 0.599725, 0.361783, 0.657108, 0.114109, 0.536667, 0.725893, 0.376866, 0.314317, 0.283345, 0.491041, 0.575008, 0.26211, 0.181759, 0.768846, 0.900895, 0.878129
0.179991, 0.204631, 0.50099, 0.668213, 0.128901, 0.249149, 0.429352, 0.602055, 0.338286, 0.987701, 0.954157, 0.750163, 0.406531, 0.414301, 0.289096, 0.798597, 0.746053, 0.220797, 0.722543, 0.155027, 0.661305, 0.0760243, 0.651752, 0.705587, 0.117987, 0.434232, 0.326994, 0.137462, 0.281781, 0.393777, 0.307274, 0.585063, 0.709751, 0.922682, 0.509364, 0.0297741, 0.517012, 0.502042, 0.890867, 0.841817, 0.575888, 0.287435, 0.982776, 0.511346, 0.242913, 0.432879, 0.787066, 0.374519, 0.783193, 0.462387, 0.45766, 0.906009, 0.813334, 0.172492, 0.00570673, 0.0905998, 0.80911, 0.887815, 0.562985, 0.310796, 0.967168, 0.416574, 0.11939, 0.884946
0.622528, 0.64371, 0.0116513, 0.891104, 0.088257, 0.999346, 0.327242, 0.595983, 0.566741, 0.845181, 0.440937, 0.66424, 0.308033, 0.999458, 0.281033, 0.788708, 0.0519841, 0.597769, 0.947025, 0.797808, 0.29682, 0.144107, 0.607366, 0.224418, 0.781749, 0.977266, 0.970373, 0.384557, 0.348651, 0.701508, 0.97218, 0.730429, 0.120851, 0.628481, 0.823189, 0.683161, 0.757917, 0.72708, 0.36833, 0.14715, 0.68134, 0.162753, 0.23029, 0.345708, 0.0119979, 0.0274208, 0.104459, 0.247292, 0.0453361, 0.51158, 0.0613355, 0.310819, 0.813671, 0.680502, 0.350873, 0.441356, 0.343054, 0.294209, 0.254249, 0.446931, 0.648426, 0.637557, 0.541513, 0.942212
0.310327, 0.840466, 0.0283942, 0.529155, 0.840341, 0.830213, 0.690733, 0.0395539, 0.147344, 0.0859945, 0.743799, 0.251143, 0.267751, 0.934528, 0.700364, 0.894531, 0.446478, 0.0490272, 0.125381, 0.656699, 0.793099, 0.792845, 0.525763, 0.388896, 0.651949, 0.254448, 0.846053, 0.525519, 0.186723, 0.872652, 0.275537, 0.0463879, 0.81153, 0.718801, 0.932145, 0.226819, 0.136886, 0.992949, 0.0772742, 0.813282, 0.323334, 0.733121, 0.495408, 0.730688, 0.279848, 0.0598304, 0.0475426, 0.159088, 0.48144, 0.826376, 0.828128, 0.49021, 0.72361, 0.484649, 0.163802, 0.614912, 0.476594, 0.388331, 0.695985, 0.816462, 0.394017, 0.0336318, 0.258825, 0.782716
0.680121, 0.647935, 0.065184, 0.203763, 0.0461371, 0.901025, 0.962373, 0.488027, 0.399246, 0.0855936, 0.226715, 0.848511, 0.179135, 0.353868, 0.284027, 0.0915438, 0.661044, 0.769645, 0.662221, 0.583605, 0.525974, 0.48398, 0.281498, 0.708563, 0.638356, 0.162364, 0.90722, 0.233176, 0.755831, 0.190865, 0.521347, 0.37094, 0.85313, 0.722977, 0.549073, 0.534894, 0.132474, 0.278313, 0.00677874, 0.156324, 0.784179, 0.359513, 0.621179, 0.0462572, 0.36096, 0.389646, 0.529545, 0.0537877, 0.0508579, 0.898481, 0.672915, 0.84998, 0.0981168, 0.209887, 0.267868, 0.890611, 0.273189, 0.922237, 0.929902, 0.730321, 0.0165003, 0.79226, 0.00147357, 0.598823
0.929096, 0.642008, 0.919197, 0.191585, 0.725904, 0.234937, 0.14719, 0.134368, 0.590653, 0.471165, 0.000848761, 0.705791, 0.238494, 0.48016, 0.0459933, 0.691274, 0.275625, 0.876284, 0.663412, 0.0149429, 0.688709, 0.611752, 0.971349, 0.49474, 0.802329, 0.371178, 0.196723, 0.771737, 0.0809409, 0.221107, 0.0294691, 0.93061, 0.123339, 0.761086, 0.986229, 0.276856, 0.839365, 0.915603, 0.921474, 0.0732568, 0.709481, 0.698393, 0.393141, 0.664462, 0.821629, 0.951627, 0.304884, 0.560244, 0.345983, 0.227287, 0.426155, 0.247255, 0.200703, 0.284669, 0.372193, 0.628475, 0.00979549, 0.929592, 0.97087, 0.920896, 0.708209, 0.479433, 0.0314447, 0.11736
0.545152, 0.528713, 0.487489, 0.634512, 0.901679, 0.190755, 0.228446, 0.474231, 0.460226, 0.806359, 0.614665, 0.469254, 0.467534, 0.504843, 0.0445149, 0.113583, 0.410626, 0.864598, 0.53554, 0.873656, 0.784063, 0.408943, 0.231122, 0.369747, 0.846648, 0.26446, 0.185842, 0.924371, 0.350587, 0.656988, 0.193097, 0.762544, 0.784313, 0.849818, 0.807732, 0.0724783, 0.239748, 0.325967, 0.931398, 0.790366, 0.709603, 0.287624, 0.850085, 0.121133, 0.0628554, 0.253031, 0.919565, 0.329136, 0.0944666, 0.00637223, 0.584311, 0.625331, 0.723392, 0.842485, 0.229607, 0.160613, 0.361183, 0.803394, 0.107603, 0.626541, 0.941731, 0.38251, 0.940043, 0.0300633
0.828731, 0.914593, 0.0166531, 0.166494, 0.356704, 0.534978, 0.587626, 0.751493, 0.0288557, 0.879634, 0.424354, 0.691297, 0.0869555, 0.958855, 0.875848, 0.857871, 0.764195, 0.937003, 0.211168, 0.165754, 0.181444, 0.569151, 0.588446, 0.995902, 0.104468, 0.732427, 0.697701, 0.339326, 0.346981, 0.93881, 0.183933, 0.696961, 0.866173, 0.240095, 0.964085, 0.432358, 0.534189, 0.181274, 0.757275, 0.141956, 0.0690661, 0.923483, 0.588935, 0.245977, 0.519115, 0.155568, 0.868444, 0.995529, 0.762173, 0.237022, 0.666398, 0.152956, 0.138666, 0.427017, 0.651123, 0.148237, 0.848633, 0.229779, 0.783896, 0.597972, 0.253565, 0.502957, 0.914682, 0.0253036
0.837286, 0.562696, 0.508638, 0.641826, 0.609404, 0.952552, 0.0162448, 0.0302444, 0.616825, 0.537718, 0.503107, 0.0321294, 0.720452, 0.638286, 0.603409, 0.774019, 0.000452305, 0.903021, 0.115167, 0.28763, 0.797115, 0.415866, 0.666743, 0.911108, 0.530293, 0.103051, 0.584339, 0.990358, 0.900196, 0.579553, 0.598671, 0.634279, 0.451609, 0.301809, 0.555859, 0.379334, 0.260114, 0.381477, 0.74758, 0.571854, 0.447516, 0.515261, 0.509982, 0.582036, 0.229163, 0.531993, 0.813074, 0.697676, 0.737309, 0.88106, 0.264838, 0.449254, 0.16688, 0.219806, 0.818168, 0.884028, 0.302385, 0.868416, 0.725321, 0.0271628, 0.628728, 0.948339, 0.585054, 0.622577
0.509561, 0.725173, 0.854986, 0.594759, 0.965731, 0.914776, 0.144815, 0.785577, 0.647896, 0.0173626, 0.214029, 0.00220197, 0.775272, 0.63458, 0.693449, 0.121784, 0.966299, 0.312645, 0.198446, 0.64908, 0.890512, 0.975396, 0.672454, 0.425791, 0.116206, 0.350776, 0.349198, 0.351755, 0.973057, 0.733482, 0.0210424, 0.63695, 0.131176, 0.185669, 0.4373, 0.74624, 0.307662, 0.0630867, 0.357744, 0.389372, 0.635673, 0.957297, 0.945624, 0.835869, 0.393409, 0.126564, 0.0522536, 0.384906, 0.301725, 0.542767, 0.101293, 0.668932, 0.653402, 0.396028, 0.175549, 0.0475974, 0.344543, 0.995846, 0.599205, 0.63893, 0.728385, 0.613296, 0.687697, 0.0613252
0.252336, 0.655417, 0.540795, 0.381453, 0.164637, 0.546439, 0.861851, 0.565881, 0.784654, 0.835176, 0.19966, 0.478387, 0.334204, 0.534659, 0.0961263, 0.0245364, 0.128257, 0.649424, 0.862197, 0.139429, 0.663558, 0.502688, 0.876808, 0.816691, 0.496789, 0.128228, 0.568018, 0.933272, 0.482595, 0.342498, 0.533443, 0.91308, 0.140204, 0.811253, 0.376622, 0.13772, 0.176394, 0.595629, 0.427623, 0.839861, 0.702106, 0.542085, 0.939281, 0.26839, 0.478137, 0.254358, 0.489389, 0.0511163, 0.316317, 0.811599, 0.390402, 0.142365, 0.103959, 0.915402, 0.658075, 0.081064, 0.582974, 0.594988, 0.235663, 0.59104, 0.0722582, 0.859175, 0.560938, 0.463703
0.4175, 0.11349, 0.461707, 0.845844, 0.0422461, 0.284569, 0.31826, 0.0460236, 0.567662, 0.751989, 0.453661, 0.067802, 0.86084, 0.660075, 0.491803, 0.675706, 0.954682, 0.32136, 0.819653, 0.591911, 0.460713, 0.301118, 0.895372, 0.102998, 0.488483, 0.0628142, 0.530136, 0.533727, 0.700787, 0.429464, 0.780668, 0.407989, 0.297029, 0.970168, 0.580006, 0.0561594, 0.0127304, 0.636082, 0.846871, 0.231117, 0.891582, 0.405653, 0.479612, 0.709295, 0.540763, 0.508318, 0.0240599, 0.795386, 0.57697, 0.141277, 0.504553, 0.404496, 0.747295, 0.530516, 0.147288, 0.606174, 0.133649, 0.697722, 0.395278, 0.251307, 0.787896, 0.467269, 0.206593, 0.478787
0.648604, 0.480498, 0.0267939, 0.148845, 0.322724, 0.53442, 0.0228783, 0.753672, 0.384996, 0.561198, 0.62518, 0.710297, 0.0944055, 0.249978, 0.399415, 0.460763, 0.907583, 0.355715, 0.0053621, 0.2551, 0.0577863, 0.809285, 0.478083, 0.392158, 0.296526, 0.928742, 0.521737, 0.919659, 0.210307, 0.292694, 0.10819, 0.975089, 0.264903, 0.0283328, 0.866858, 0.226714, 0.546346, 0.193033, 0.372601, 0.618121, 0.634994, 0.380734, 0.159863, 0.278173, 0.112268, 0.785188, 0.693173, 0.536158, 0.310221, 0.203044, 0.155639, 0.208895, 0.293926, 0.440162, 0.56414, 0.175701, 0.213721, 0.339324, 0.390683, 0.447797, 0.0881872, 0.383044, 0.615093, 0.0380208
0.991053, 0.402114, 0.205342, 0.210684, 0.978944, 0.631068, 0.313985, 0.187559, 0.65514, 0.166768, 0.85439, 0.436439, 0.676828, 0.836521, 0.500428, 0.329562, 0.923621, 0.790917, 0.534183, 0.138442, 0.373524, 0.33981, 0.817494, 0.108542, 0.619586, 0.171104, 0.200085, 0.591901, 0.199705, 0.0509869, 0.123191, 0.397183, 0.0370311, 0.364822, 0.404317, 0.125543, 0.58741, 0.0706275, 0.971127, 0.893166, 0.0379335, 0.545051, 0.026393, 0.551652, 0.0081375, 0.499171, 0.0870145, 0.871592, 0.63817, 0.209354, 0.732141, 0.013639, 0.837194, 0.251386, 0.242318, 0.9704, 0.432742, 0.434014, 0.0268344, 0.189299, 0.326143, 0.299935, 0.970683, 0.295215
0.0495571, 0.439867, 0.66229, 0.207581, 0.277695, 0.444928, 0.261239, 0.595167, 0.212744, 0.6913, 0.482466, 0.00954189, 0.183103, 0.753531, 0.396111, 0.807436, 0.000175058, 0.401433, 0.0551751, 0.870692, 0.945156, 0.240455, 0.944925, 0.534072, 0.560922, 0.465981, 0.149533, 0.167202, 0.771565, 0.0713125, 0.75814, 0.52294, 0.69418, 0.979974, 0.736558, 0.599401, 0.243607, 0.699393, 0.636494, 0.116233, 0.853792, 0.687416, 0.749979, 0.924303, 0.956966, 0.649361, 0.362546, 0.251146, 0.430102, 0.837958, 0.161835, 0.0442281, 0.897012, 0.555239, 0.983614, 0.437101, 0.27631, 0.58057, 0.292725, 0.544945, 0.287317, 0.435586, 0.435325, 0.111527
0.814648, 0.780852, 0.547863, 0.352399, 0.610009, 0.527127, 0.505589, 0.151272, 0.788414, 0.210968, 0.620173, 0.994311, 0.337562, 0.975931, 0.406104, 0.725257, 0.499042, 0.190094, 0.698653, 0.452692, 0.330029, 0.970644, 0.193945, 0.387771, 0.616659, 0.208907, 0.975642, 0.580687, 0.159975, 0.77516, 0.503244, 0.305879, 0.304136, 0.40209, 0.154712, 0.21736, 0.0177331, 0.356871, 0.200737, 0.868135, 0.127735, 0.381551, 0.88853, 0.233771, 0.735643, 0.0362647, 0.50322, 0.158846, 0.815781, 0.316125, 0.398068, 0.622658, 0.151091, 0.451396, 0.174737, 0.0938269, 0.69749, 0.686314, 0.875222, 0.139419, 0.620923, 0.55303, 0.0783809, 0.52255
0.0615083, 0.882257, 0.0598851, 0.776271, 0.65202, 0.319878, 0.330593, 0.970735, 0.622909, 0.991294, 0.877209, 0.712236, 0.940359, 0.252954, 0.0281698, 0.395173, 0.595492, 0.0298452, 0.892055, 0.0618576, 0.148328, 0.0663287, 0.568522, 0.192152, 0.2706, 0.783348, 0.314071, 0.089448, 0.526623, 0.322784, 0.268331, 0.124329, 0.803252, 0.617667, 0.154693, 0.664939, 0.335573, 0.635074, 0.00979273, 0.717302, 0.223096, 0.769978, 0.621107, 0.856235, 0.180591, 0.375514, 0.0203508, 0.845785, 0.274047, 0.886927, 0.954751, 0.737114, 0.612084, 0.341903, 0.219387, 0.691022, 0.613047, 0.315365, 0.26034, 0.0347027, 0.470333, 0.880511, 0.709351, 0.254341
0.249557, 0.0295383, 0.335166, 0.266158, 0.86226, 0.526814, 0.0882317, 0.486679, 0.927337, 0.689132, 0.72134, 0.287346, 0.778003, 0.0713949, 0.200619, 0.511151, 0.18652, 0.523361, 0.247561, 0.890829, 0.123004, 0.157414, 0.676348, 0.198845, 0.670903, 0.765917, 0.325664, 0.30242, 0.766188, 0.47275, 0.663875, 0.650299, 0.240893, 0.0255366, 0.860695, 0.940073, 0.689387, 0.703678, 0.748036, 0.115016, 0.915186, 0.178347, 0.593085, 0.394014, 0.0244389, 0.371069, 0.429514, 0.844257, 0.401241, 0.466681, 0.409115, 0.723012, 0.973835, 0.739563, 0.067773, 0.552048, 0.41189, 0.611375, 0.886687, 0.896735, 0.185336, 0.840479, 0.18709, 0.596441
0.483547, 0.00669729, 0.936317, 0.957857, 0.6461, 0.925397, 0.550857, 0.665787, 0.133028, 0.663642, 0.208049, 0.728924, 0.605127, 0.0850999, 0.935849, 0.063562, 0.0307144, 0.477991, 0.429479, 0.711082, 0.0730121, 0.635553, 0.222256, 0.499862, 0.0787427, 0.177809, 0.940816, 0.465479, 0.183491, 0.782181, 0.0777481, 0.399256, 0.70711, 0.671085, 0.157419, 0.996723, 0.00231204, 0.127769, 0.801465, 0.699848, 0.292296, 0.976394, 0.326966, 0.779883, 0.101596, 0.892405, 0.251755, 0.177103, 0.208287, 0.00158096, 0.916313, 0.497251, 0.522712, 0.964351, 0.687123, 0.596582, 0.808286, 0.622472, 0.514511, 0.0184677, 0.348283, 0.871267, 0.949127, 0.143308
0.0850527, 0.404578, 0.968721, 0.187354, 0.65999, 0.189424, 0.62304, 0.0221294, 0.0708816, 0.319705, 0.760891, 0.00654994, 0.0789283, 0.436224, 0.369582, 0.591065, 0.677164, 0.20544, 0.114876, 0.773308, 0.593821, 0.995647, 0.739226, 0.00361521, 0.792345, 0.255676, 0.269143, 0.732492, 0.508141, 0.981889, 0.350246, 0.0375494, 0.206365, 0.186495, 0.167213, 0.924663, 0.295566, 0.561577, 0.776099, 0.99997, 0.689694, 0.0927414, 0.195619, 0.177956, 0.353541, 0.289892, 0.16352, 0.660025, 0.845642, 0.93557, 0.629419, 0.117364, 0.870888, 0.253471, 0.942033, 0.855605, 0.181748, 0.0338572, 0.172277, 0.489811, 0.460897, 0.769501, 0.846315, 0.883247
0.129548, 0.0751475, 0.870973, 0.732654, 0.574052, 0.831047, 0.421142, 0.588284, 0.45798, 0.122534, 0.149109, 0.0532462, 0.15994, 0.336967, 0.528236, 0.474137, 0.512229, 0.564258, 0.95926, 0.784562, 0.254758, 0.0494842, 0.778107, 0.762218, 0.621539, 0.245139, 0.0672398, 0.874397, 0.548297, 0.866803, 0.442767, 0.180453, 0.489776, 0.0851085, 0.0280591, 0.598772, 0.365417, 0.253978, 0.833696, 0.869409, 0.510589, 0.407775, 0.108094, 0.97821, 0.470742, 0.285938, 0.901004, 0.783833, 0.856487, 0.977357, 0.24168, 0.141955, 0.598968, 0.27871, 0.976696, 0.824052, 0.268032, 0.615714, 0.792121, 0.0391224, 0.0599853, 0.897211, 0.219768, 0.577995
0.812935, 0.718401, 0.275955, 0.659281, 0.339978, 0.920689, 0.0251391, 0.990106, 0.76102, 0.863132, 0.803273, 0.141279, 0.871902, 0.99776, 0.484126, 0.915217, 0.209215, 0.19115, 0.506213, 0.807096, 0.479377, 0.714186, 0.726111, 0.694731, 0.647091, 0.365933, 0.730768, 0.449011, 0.811651, 0.244261, 0.96671, 0.445958, 0.0721559, 0.965394, 0.698217, 0.418778, 0.0185814, 0.824468, 0.76929, 0.580793, 0.772552, 0.346195, 0.549118, 0.728108, 0.208194, 0.518616, 0.11797, 0.61331, 0.667423, 0.435075, 0.304512, 0.0850994, 0.112203, 0.502422, 0.309559, 0.455973, 0.868667, 0.311562, 0.27143, 0.0580277, 0.820465, 0.349687, 0.797078, 0.67793
0.243158, 0.635024, 0.66191, 0.558275, 0.795575, 0.204933, 0.69315, 0.693012, 0.0478645, 0.767691, 0.304043, 0.0281066, 0.723716, 0.847378, 0.66598, 0.131767, 0.377757, 0.21544, 0.852732, 0.392501, 0.0561765, 0.0944452, 0.391136, 0.143378, 0.402217, 0.765625, 0.621472, 0.685205, 0.113352, 0.958847, 0.163754, 0.530884, 0.927984, 0.0449027, 0.454962, 0.574102, 0.541541, 0.221242, 0.853125, 0.589965, 0.626092, 0.866456, 0.752685, 0.731836, 0.462564, 0.218814, 0.600608, 0.134767, 0.493547, 0.300634, 0.522404, 0.310538, 0.300888, 0.18021, 0.419061, 0.679987, 0.0988392, 0.381819, 0.42069, 0.593717, 0.22399, 0.489129, 0.0996963, 0.0629077
0.403496, 0.930283, 0.729033, 0.436984, 0.764108, 0.106744, 0.586181, 0.543798, 0.33402, 0.848182, 0.412386, 0.520894, 0.955881, 0.875776, 0.999694, 0.844357, 0.588897, 0.325523, 0.737823, 0.225897, 0.647544, 0.677381, 0.42814, 0.305185, 0.738381, 0.638922, 0.939965, 0.131, 0.148102, 0.426137, 0.563974, 0.814032, 0.619727, 0.442807, 0.538364, 0.389349, 0.46007, 0.321929, 0.590472, 0.428891, 0.465401, 0.764699, 0.330237, 0.348534, 0.283747, 0.132357, 0.724515, 0.624558, 0.631481, 0.315996, 0.940158, 0.850783, 0.544688, 0.10841, 0.12274, 0.827102, 0.241883, 0.26756, 0.0271371, 0.942036, 0.9892, 0.726037, 0.810854, 0.98346
0.565572, 0.505479, 0.218793, 0.868295, 0.0928292, 0.471699, 0.854558, 0.139628, 0.555857, 0.748344, 0.933056, 0.809155, 0.649805, 0.726989, 0.588041, 0.175076, 0.728088, 0.892204, 0.914163, 0.0603871, 0.982086, 0.675372, 0.749589, 0.0334104, 0.495326, 0.651021, 0.959928, 0.248733, 0.103565, 0.463961, 0.948653, 0.0322149, 0.367924, 0.534473, 0.760392, 0.808809, 0.283601, 0.164408, 0.64495, 0.131152, 0.443145, 0.743922, 0.751174, 0.617998, 0.46707, 0.441029, 0.193844, 0.76505, 0.458216, 0.786746, 0.57322, 0.345573, 0.0109723, 0.743763, 0.353213, 0.519697, 0.893729, 0.372223, 0.54321, 0.708347, 0.896078, 0.589876, 0.530199, 0.694981
0.652792, 0.547712, 0.0251394, 0.365116, 0.59006, 0.261772, 0.359446, 0.384592, 0.690941, 0.967584, 0.305577, 0.960454, 0.0506873, 0.638219, 0.935146, 0.233138, 0.0546503, 0.253728, 0.954981, 0.0738893, 0.31943, 0.931724, 0.107357, 0.510881, 0.436532, 0.612598, 0.54914, 0.869189, 0.306229, 0.331808, 0.659981, 0.00158202, 0.537526, 0.264736, 0.201463, 0.308296, 0.240008, 0.677582, 0.449916, 0.107709, 0.919638, 0.232499, 0.738672, 0.186199, 0.104325, 0.75653, 0.384303, 0.0567454, 0.925514, 0.503795, 0.0243154, 0.74972, 0.909538, 0.723741, 0.826076, 0.83134, 0.195246, 0.863973, 0.806029, 0.200883, 0.328455, 0.671272, 0.74164, 0.308033
0.117582, 0.57259, 0.0339085, 0.356391, 0.15852, 0.581301, 0.473962, 0.504961, 0.455011, 0.621903, 0.450541, 0.33394, 0.129088, 0.544117, 0.472664, 0.419086, 0.799375, 0.0562217, 0.220598, 0.0745642, 0.904095, 0.875774, 0.926659, 0.896754, 0.232326, 0.525183, 0.451195, 0.762465, 0.994812, 0.997513, 0.0287356, 0.147104, 0.341829, 0.988463, 0.045754, 0.662263, 0.595622, 0.145263, 0.484381, 0.647242, 0.821751, 0.265183, 0.318807, 0.740786, 0.0361616, 0.905106, 0.823563, 0.0337521, 0.911815, 0.337614, 0.370138, 0.540062, 0.984582, 0.298421, 0.396255, 0.551451, 0.32722, 0.451306, 0.550595, 0.632472, 0.424774, 0.0745841, 0.117544, 0.890215
0.0565339, 0.121493, 0.726225, 0.872095, 0.716181, 0.743847, 0.413804, 0.847313, 0.112118, 0.987349, 0.0771799, 0.576051, 0.404582, 0.80873, 0.748265, 0.460149, 0.0579124, 0.105575, 0.544989, 0.659345, 0.494611, 0.788773, 0.841086, 0.239983, 0.195253, 0.65308, 0.0942256, 0.79165, 0.136985, 0.803325, 0.681341, 0.618791, 0.704071, 0.236123, 0.434162, 0.417347, 0.562811, 0.412454, 0.233463, 0.717612, 0.351463, 0.715276, 0.906465, 0.455515, 0.11517, 0.361493, 0.963598, 0.589988, 0.650121, 0.0967682, 0.481268, 0.608883, 0.715203, 0.964329, 0.266602, 0.34562, 0.113448, 0.811962, 0.153224, 0.503154, 0.0605257, 0.899623, 0.768559, 0.564063
0.401962, 0.240975, 0.292166, 0.16914, 0.174945, 0.04488, 0.220821, 0.677206, 0.204981, 0.0283806, 0.685409, 0.46529, 0.650578, 0.904845, 0.649603, 0.462806, 0.482789, 0.956917, 0.842208, 0.25299, 0.264504, 0.50992, 0.420174, 0.280131, 0.486942, 0.208518, 0.968432, 0.0535851, 0.0837134, 0.646854, 0.693192, 0.819877, 0.563714, 0.429142, 0.047457, 0.00405215, 0.303708, 0.654236, 0.624543, 0.768279, 0.62766, 0.248998, 0.972754, 0.606147, 0.172135, 0.451737, 0.844292, 0.637114, 0.232238, 0.547376, 0.223371, 0.833163, 0.935257, 0.0430096, 0.506764, 0.93732, 0.402989, 0.670117, 0.426241, 0.452793, 0.420359, 0.521754, 0.911131, 0.261814
0.444383, 0.61134, 0.964006, 0.0599212, 0.61032, 0.16227, 0.0974283, 0.459067, 0.625194, 0.291439, 0.876652, 0.962522, 0.286034, 0.919192, 0.649461, 0.457231, 0.254223, 0.191837, 0.0474962, 0.744157, 0.834662, 0.267607, 0.842296, 0.399227, 0.872328, 0.111032, 0.694627, 0.658366, 0.642508, 0.421743, 0.510814, 0.388489, 0.81271, 0.214193, 0.759996, 0.632326, 0.869235, 0.38215, 0.609357, 0.0835127, 0.907077, 0.285551, 0.754534, 0.738728, 0.595194, 0.582656, 0.761942, 0.556939, 0.565937, 0.371651, 0.850424, 0.730588, 0.807672, 0.812285, 0.298427, 0.580106, 0.937232, 0.576983, 0.908087, 0.192895, 0.304189, 0.356549, 0.743804, 0.0432607
0.621879, 0.0818975, 0.00811487, 0.704619, 0.79794, 0.246715, 0.891937, 0.660779, 0.499377, 0.899129, 0.238079, 0.0678154, 0.86001, 0.811596, 0.646682, 0.957199, 0.25069, 0.790144, 0.516138, 0.736558, 0.229361, 0.85033, 0.419324, 0.901925, 0.374658, 0.262107, 0.318627, 0.728341, 0.774852, 0.258352, 0.807108, 0.604201, 0.297192, 0.277663, 0.991984, 0.872176, 0.338976, 0.369497, 0.756926, 0.158802, 0.713088, 0.72617, 0.0501882, 0.889279, 0.394053, 0.27293, 0.276874, 0.0204289, 0.844487, 0.414015, 0.912203, 0.182727, 0.59039, 0.0335513, 0.444996, 0.583848, 0.0381362, 0.496245, 0.14315, 0.0867702, 0.234279, 0.670286, 0.329624, 0.185884
0.490572, 0.696034, 0.398297, 0.466171, 0.400877, 0.0560642, 0.0267391, 0.645538, 0.603359, 0.0251809, 0.817637, 0.48551, 0.1589, 0.120932, 0.453031, 0.300056, 0.87562, 0.211443, 0.762516, 0.421306, 0.531192, 0.0770963, 0.413773, 0.322242, 0.448642, 0.774938, 0.0144242, 0.593889, 0.870901, 0.651383, 0.356646, 0.69922, 0.471017, 0.38801, 0.628954, 0.429707, 0.700279, 0.648286, 0.23007, 0.760966, 0.830429, 0.0263614, 0.213347, 0.341426, 0.0842974, 0.590078, 0.97954, 0.419451, 0.199034, 0.788101, 0.550717, 0.262624, 0.975818, 0.912794, 0.984923, 0.531605, 0.157836, 0.873367, 0.549491, 0.919259, 0.982626, 0.388443, 0.856556, 0.532043
0.105604, 0.982203, 0.736732, 0.0264136, 0.38356, 0.0939444, 0.265089, 0.616892, 0.0653333, 0.348561, 0.855629, 0.0118301, 0.312456, 0.945033, 0.755938, 0.70097, 0.0180168, 0.205982, 0.906694, 0.680888, 0.710487, 0.620926, 0.0835789, 0.00720223, 0.964696, 0.54727, 0.980836, 0.289636, 0.524935, 0.582487, 0.584589, 0.943054, 0.126156, 0.445597, 0.292324, 0.134119, 0.728561, 0.581401, 0.321904, 0.437313, 0.184172, 0.159458, 0.808723, 0.355602, 0.0460903, 0.846683, 0.0541018, 0.483831, 0.296631, 0.462618, 0.45349, 0.604451, 0.714474, 0.0679945, 0.442159, 0.991787, 0.221463, 0.0912117, 0.147329, 0.347237, 0.480325, 0.715348, 0.492847, 0.327893
0.73245, 0.773818, 0.212393, 0.0907976, 0.0210203, 0.895745, 0.109226, 0.633464, 0.501139, 0.832854, 0.637016, 0.239999, 0.995777, 0.311193, 0.106163, 0.685108, 0.168777, 0.887914, 0.552259, 0.611925, 0.985169, 0.626888, 0.782077, 0.173829, 0.421364, 0.182105, 0.237738, 0.206241, 0.0333884, 0.211539, 0.773666, 0.787446, 0.596053, 0.611787, 0.59404, 0.748075, 0.847511, 0.335886, 0.0907442, 0.575958, 0.771461, 0.399872, 0.802583, 0.241657, 0.214532, 0.481501, 0.389681, 0.900441, 0.821104, 0.579246, 0.618113, 0.740925, 0.0501198, 0.896936, 0.324278, 0.803644, 0.193635, 0.230371, 0.838083, 0.794095, 0.053272, 0.521249, 0.485263, 0.930265
0.435651, 0.0228748, 0.725225, 0.317465, 0.342975, 0.53896, 0.114169, 0.474552, 0.969765, 0.288587, 0.362562, 0.186209, 0.849516, 0.579733, 0.442216, 0.898499, 0.512329, 0.490493, 0.986166, 0.259651, 0.699457, 0.790292, 0.190828, 0.957046, 0.279247, 0.861679, 0.888264, 0.72153, 0.97969, 0.383355, 0.0767399, 0.95948, 0.862918, 0.952058, 0.997759, 0.737929, 0.450975, 0.427296, 0.377347, 0.768552, 0.399712, 0.609015, 0.361976, 0.915955, 0.751295, 0.0238229, 0.515623, 0.117083, 0.129295, 0.765299, 0.407518, 0.887504, 0.711546, 0.745558, 0.469337, 0.345086, 0.0632227, 0.521567, 0.639702, 0.454993, 0.761739, 0.518652, 0.454698, 0.147382
0.480257, 0.601082, 0.885334, 0.308991, 0.25613, 0.135361, 0.216997, 0.568783, 0.555149, 0.975087, 0.156006, 0.111656, 0.393427, 0.567546, 0.105394, 0.536453, 0.573169, 0.271251, 0.35761, 0.225344, 0.489793, 0.169119, 0.880901, 0.836298, 0.474664, 0.487512, 0.643563, 0.889625, 0.286857, 0.998207, 0.71848, 0.822241, 0.444748, 0.489902, 0.620097, 0.336585, 0.427951, 0.494121, 0.128795, 0.887173, 0.255974, 0.0770207, 0.723112, 0.366757, 0.0928067, 0.00314434, 0.553742, 0.816295, 0.505795, 0.163252, 0.21134, 0.889739, 0.29775, 0.437372, 0.711301, 0.718305, 0.0247299, 0.855714, 0.466613, 0.182683, 0.117006, 0.960074, 0.204927, 0.743908
0.838802, 0.785677, 0.821658, 0.745712, 0.0295373, 0.173167, 0.195195, 0.71442, 0.0272734, 0.117187, 0.0966421, 0.947963, 0.690328, 0.619309, 0.247279, 0.412715, 0.744844, 0.0105856, 0.309625, 0.516147, 0.497698, 0.640072, 0.830866, 0.0489505, 0.388132, 0.554622, 0.769689, 0.77114, 0.528273, 0.662437, 0.400447, 0.989244, 0.796552, 0.373338, 0.29306, 0.0781464, 0.969519, 0.136613, 0.0152887, 0.104388, 0.711101, 0.1602, 0.800919, 0.0468895, 0.18525, 0.0801697, 0.292133, 0.553641, 0.178689, 0.753374, 0.240363, 0.326756, 0.0929596, 0.0533159, 0.649327, 0.740718, 0.815847, 0.866134, 0.744829, 0.761523, 0.769233, 0.179423, 0.361761, 0.605147
0.249404, 0.225521, 0.874256, 0.518228, 0.745959, 0.494572, 0.508336, 0.951948, 0.355379, 0.811159, 0.126079, 0.83197, 0.556355, 0.127373, 0.412915, 0.420073, 0.534798, 0.104582, 0.815078, 0.572134, 0.0626744, 0.921908, 0.237233, 0.472773, 0.871486, 0.230025, 0.578545, 0.19488, 0.46701, 0.270094, 0.434521, 0.553372, 0.0772325, 0.411021, 0.540843, 0.26352, 0.412137, 0.031599, 0.385067, 0.473932, 0.123219, 0.134176, 0.800923, 0.680246, 0.39808, 0.401214, 0.734336, 0.0977285, 0.427494, 0.438768, 0.773809, 0.804947, 0.196623, 0.424821, 0.588126, 0.64354, 0.39637, 0.938271, 0.25589, 0.0411407, 0.169558, 0.500041, 0.457585, 0.30145
0.941323, 0.287526, 0.580224, 0.949132, 0.180772, 0.692744, 0.945594, 0.472504, 0.223388, 0.576947, 0.00633957, 0.673073, 0.26311, 0.815314, 0.171854, 0.826454, 0.354016, 0.817719, 0.487051, 0.657705, 0.364493, 0.343698, 0.196402, 0.167338, 0.0157343, 0.502464, 0.863375, 0.148276, 0.223641, 0.614848, 0.377439, 0.0999833, 0.702018, 0.52716, 0.58703, 0.820886, 0.77314, 0.132642, 0.0787291, 0.425612, 0.180921, 0.71751, 0.516, 0.36571, 0.811806, 0.326329, 0.383225, 0.816201, 0.838561, 0.013002, 0.657656, 0.437825, 0.2836, 0.468144, 0.973597, 0.922386, 0.663007, 0.00123602, 0.922139, 0.926933, 0.642984, 0.472753, 0.514285, 0.396283

